source,path,bytes,sha256,kind,api,title,dup_count,canonical,arrival
01_CURRENT,JIT_M3_R22/DEVELOPER-LAB-R14-CHECKPOINT.md,3089,1ba5855bae0dce9552dcf8118d54804f606c245dedacbd6d7e8f5db1f4d98aa9,doc,,,1,,01_CURRENT.zip (Sep 26)
01_CURRENT,JIT_M3_R22/DEVELOPER-LAB-R3-WIP.md,2296,49c7c632a2819e1d7bb71a50fa8422041dfd3c0fd9108fef0e7c273a711d32af,doc,,,1,,01_CURRENT.zip (Sep 26)
01_CURRENT,JIT_M3_R22/eslint.config.mjs,846,f22a254df7d934bbf9be499d3c969a13abb7f7f64c03f5967d0095cad81dfe06,js,,,1,,01_CURRENT.zip (Sep 26)
01_CURRENT,JIT_M3_R22/DEVELOPER-LAB-R9-CHECKPOINT.md,4747,f338e632724758b995482360fead566fc79b5c191d9e247e499cf8e846610ddf,doc,,,1,,01_CURRENT.zip (Sep 26)
01_CURRENT,JIT_M3_R22/.npmrc,45,a3909ac0447c469fda12c57374993be70f47ce73e49fd3124678c7c047f2214d,other,,,1,,01_CURRENT.zip (Sep 26)
01_CURRENT,JIT_M3_R22/components.json,420,31f4ca67a4a62572571003d3d5aac85ee6fbfca67a192924bac6b168d95e98fd,data,,,1,,01_CURRENT.zip (Sep 26)
01_CURRENT,JIT_M3_R22/README.md,5660,478a71bde6585d8b235af60710ccb91ee04b0d0fd0251735e2bc00bbd4b569a2,doc,,,1,,01_CURRENT.zip (Sep 26)
01_CURRENT,JIT_M3_R22/R15_EVOLUTION_AUDIT.md,2134,e5655996dfcff3d8d6b72707c16a07daf43411b871cd52a80cdc3623edacecc4,doc,,,1,,01_CURRENT.zip (Sep 26)
01_CURRENT,JIT_M3_R22/DEVELOPER-LAB-R1.md,7315,16dbf5e9116742aec6fa147e91cc381679799caaad8928189a777e75dda745b3,doc,,,1,,01_CURRENT.zip (Sep 26)
01_CURRENT,JIT_M3_R22/next.config.ts,133,614bce25b089c3f19b1e17a6346c74b858034040154c6621e7d35303004767cc,ts,,,1,,01_CURRENT.zip (Sep 26)
01_CURRENT,JIT_M3_R22/vite.config.ts,2240,4b9d8a6b14fd155328847bc6cd063c6bf44c58c64de8d46911cdf0ede611e367,ts,,,1,,01_CURRENT.zip (Sep 26)
01_CURRENT,JIT_M3_R22/DEVELOPER-LAB-R5-WIP.md,964,3eca30bc67f68d7c3f112e99c9717fdfb1b41b66c682c3e2737f5484784b2eb9,doc,,,1,,01_CURRENT.zip (Sep 26)
01_CURRENT,JIT_M3_R22/DEVELOPER-LAB-R13-CHECKPOINT.md,1876,25cc03473f116039f374e5a381ac6f8699fd4b96fb4fb703313004f893ef934b,doc,,,1,,01_CURRENT.zip (Sep 26)
01_CURRENT,JIT_M3_R22/WATER_REFERENCE_TAKEOVER_AUDIT_R2.md,7458,8797c65dc992afb9e0ef0fe6bdaa7df4e07a0a40e665c391e8fc97276b688415,doc,,,1,,01_CURRENT.zip (Sep 26)
01_CURRENT,JIT_M3_R22/.gitignore,598,55d0a3e1f8e2e31b6fda7293305b96d676e6fcd51a9680d6903dd7240fa0e192,other,,,1,,01_CURRENT.zip (Sep 26)
01_CURRENT,JIT_M3_R22/DEVELOPER-LAB-R16-CHECKPOINT.md,3087,75ea0458e31cf82061f2a9350cedb24ff7ebd39ed4202173645c368afd9ae79e,doc,,,1,,01_CURRENT.zip (Sep 26)
01_CURRENT,JIT_M3_R22/DEVELOPER-LAB-R2-WIP.md,1588,8df38094cf2ec0da30d0bfb6596747a9b59f52a1bf51c84e8721c7fc3ee88594,doc,,,1,,01_CURRENT.zip (Sep 26)
01_CURRENT,JIT_M3_R22/package-lock.json,497666,a8ed3541b98f94fcda50dbd412c001cb45b7a35d8ac28f3a674540990f3569b0,data,,,1,,01_CURRENT.zip (Sep 26)
01_CURRENT,JIT_M3_R22/DEVELOPER-LAB-R11-CHECKPOINT.md,1974,112cb12ae789adf110c62b5a060c499de87889da8bb32f0f3988fe9071a9732c,doc,,,1,,01_CURRENT.zip (Sep 26)
01_CURRENT,JIT_M3_R22/DEVELOPER-LAB-R10-CHECKPOINT.md,2336,408dfad961dedf28f2abbc16124378bc41f91fea7aec2e649317fd5bd97227ac,doc,,,1,,01_CURRENT.zip (Sep 26)
01_CURRENT,JIT_M3_R22/drizzle.config.ts,148,af081f7384aaeb0082cf422e29f139d137ca2f6a57c69b2c37b9fb1f8479867b,ts,,,1,,01_CURRENT.zip (Sep 26)
01_CURRENT,JIT_M3_R22/DEVELOPER-LAB-R18-CHECKPOINT.md,2586,d4693cb57a23a4db5ddb4aef06259c3c6e43f2ae8a2afa7c155f100d25c360ee,doc,,,1,,01_CURRENT.zip (Sep 26)
01_CURRENT,JIT_M3_R22/DEVELOPER-LAB-R17-CHECKPOINT.md,2165,55def732e4299c59da1607edb74c68349dbe627cd0b82420584586ffaccc49d6,doc,,,1,,01_CURRENT.zip (Sep 26)
01_CURRENT,JIT_M3_R22/DEVELOPER-LAB-R19-CHECKPOINT.md,2468,544ca7edfa125e45866cfd8d2acb356cf37192c63d30b8d2bd5e99b69f120197,doc,,,1,,01_CURRENT.zip (Sep 26)
01_CURRENT,JIT_M3_R22/DEVELOPER-LAB-R6-WIP.md,1236,0eb574a04f0f91a1330596c4ea0f10a8934f263111574785258fdfc2831185e6,doc,,,1,,01_CURRENT.zip (Sep 26)
01_CURRENT,JIT_M3_R22/DEVELOPER-LAB-R8-WIP.md,1758,2e1f3570e36197f41863804fee2014c57802bac3215a3c70a6146647d9ceb9d5,doc,,,1,,01_CURRENT.zip (Sep 26)
01_CURRENT,JIT_M3_R22/package.json,1977,32a5b2bf6bc0787b4d0375401e87dcc63dbd9d36a5640c634ce739483828ab06,data,,,1,,01_CURRENT.zip (Sep 26)
01_CURRENT,JIT_M3_R22/CHECKPOINT-M4.1.md,3523,d1b1830e151b1f4ce498fa0869956e15e6ab625e3933c0b54a382853ea89e945,doc,,,1,,01_CURRENT.zip (Sep 26)
01_CURRENT,JIT_M3_R22/DEVELOPER-LAB-R21-CHECKPOINT.md,3923,cdfa82a1631c383e28c0f21117c0eac8bc73e8e70b6d6eb4d2e24e232fa22a0c,doc,,,1,,01_CURRENT.zip (Sep 26)
01_CURRENT,JIT_M3_R22/tsconfig.json,800,7199c6e4e400921e8049729840165a39f1476fa97901bed00239e7697bfe8da4,data,,,1,,01_CURRENT.zip (Sep 26)
01_CURRENT,JIT_M3_R22/DEVELOPER-LAB-R12-CHECKPOINT.md,1392,46a0b2d4db38c347f63501940836d88ad7d954a338ea7a22b78c3cfb6663d953,doc,,,1,,01_CURRENT.zip (Sep 26)
01_CURRENT,JIT_M3_R22/postcss.config.mjs,94,dfac7ac2d86d326a0e5adb024e7943c181393ed17a5fcb8f0315b24c7da6ddde,js,,,1,,01_CURRENT.zip (Sep 26)
01_CURRENT,JIT_M3_R22/next-env.d.ts,284,217ce9348b523c3e6954fb50bb93364b58781d86742c995f3a5b03ba88b9ba72,ts,,,1,,01_CURRENT.zip (Sep 26)
01_CURRENT,JIT_M3_R22/cloudflare-env.d.ts,99,8b0eca84aa3364cc7ccc43cc3af6beb88dd34ebd410de08690bf094ce39fbcb0,ts,,,1,,01_CURRENT.zip (Sep 26)
01_CURRENT,JIT_M3_R22/DEVELOPER-LAB-R22-CHECKPOINT.md,3552,c16aadef83d82f4b68d8568d5d0ffee803405ab912bc5e6e663d8d8a013b97d6,doc,,,1,,01_CURRENT.zip (Sep 26)
01_CURRENT,JIT_M3_R22/DEVELOPER-LAB-R7-WIP.md,2372,03822db2f6bc6fe1bd2840b04d4678a8ed04a03f16e7880285acd01015231d27,doc,,,1,,01_CURRENT.zip (Sep 26)
01_CURRENT,JIT_M3_R22/components/ui/tooltip.tsx,1830,a0784eb77831a799fad7991df4f1b666f876201565a80175e1aa68733574a2e4,ts,,,1,,01_CURRENT.zip (Sep 26)
01_CURRENT,JIT_M3_R22/components/ui/button.tsx,2392,cc36af0f8b5019c33cc039fbf03bb952a513072b15b55b53c592b78af3e5f4c4,ts,,,1,,01_CURRENT.zip (Sep 26)
01_CURRENT,JIT_M3_R22/components/ui/breadcrumb.tsx,2350,d4c0831bba2212e778248f54a6ace6ef378df8bba4616d1abf27787a31eabae5,ts,,,1,,01_CURRENT.zip (Sep 26)
01_CURRENT,JIT_M3_R22/components/ui/aspect-ratio.tsx,274,b1c157886236782cb92d8fbcd4749532aaf6d8aabefd6e157ca40358f902f407,ts,,,1,,01_CURRENT.zip (Sep 26)
01_CURRENT,JIT_M3_R22/components/ui/native-select.tsx,1995,007516b111fca8c98a6c40c94ab91bb68cc5b52afce1ed1f5e510c3d86e7347c,ts,,,1,,01_CURRENT.zip (Sep 26)
01_CURRENT,JIT_M3_R22/components/ui/spinner.tsx,331,3e6e6e8d37fb4069f8e43e55318f8db06fbc36e6c8be0096da3c9337c1c798b9,ts,,,1,,01_CURRENT.zip (Sep 26)
01_CURRENT,JIT_M3_R22/components/ui/sidebar.tsx,21526,4a8d73e7730a2b1fcecfca31299ed26db65c2307b84197a59c6ec7c01c7ad28e,ts,,,1,,01_CURRENT.zip (Sep 26)
01_CURRENT,JIT_M3_R22/components/ui/pagination.tsx,2717,374ad135c3d4ff3ec080a0009cd9745cdd0e12faa89d2b0e86074f11e5127fd1,ts,,,1,,01_CURRENT.zip (Sep 26)
01_CURRENT,JIT_M3_R22/components/ui/carousel.tsx,5556,b7ea0dda3903d972c186f739e23da61f547bc83b5a0bf13b16856577846d5fc3,ts,,,1,,01_CURRENT.zip (Sep 26)
01_CURRENT,JIT_M3_R22/components/ui/progress.tsx,755,c8c26e8f5f041c3cdf4915347dc1d9c022f9448f149990fadcaf303e952fa57d,ts,,,1,,01_CURRENT.zip (Sep 26)
01_CURRENT,JIT_M3_R22/components/ui/textarea.tsx,759,253cdeb487c73beaaccdf47fc163e36e7d5b7ae6ddf09a4f64998a109a112979,ts,,,1,,01_CURRENT.zip (Sep 26)
01_CURRENT,JIT_M3_R22/components/ui/drawer.tsx,4255,cb6eaf58eb0757ca91af284e5d925b89a42ad7eb19cb3f44c575a3487aa9350f,ts,,,1,,01_CURRENT.zip (Sep 26)
01_CURRENT,JIT_M3_R22/components/ui/button-group.tsx,2202,784c89d8ee683e1bc972ae69e6ea8225a7f63abe22aa1b5fc3423ae8a2a399c0,ts,,,1,,01_CURRENT.zip (Sep 26)
01_CURRENT,JIT_M3_R22/components/ui/dropdown-menu.tsx,8418,98f0dcdae38225b73734aceeb9213dd751fea2c72ea520df31003cd133deac8a,ts,,,1,,01_CURRENT.zip (Sep 26)
01_CURRENT,JIT_M3_R22/components/ui/tabs.tsx,3782,865d0194331b9b2be36723fa79d3575dc83078b4cb941cafee87cb72fc2cff46,ts,,,1,,01_CURRENT.zip (Sep 26)
01_CURRENT,JIT_M3_R22/components/ui/toggle.tsx,1565,ba4d0b0a2b2fee75dc36dfc19e32082e721024b919050c97fd5dc70faa924e16,ts,,,1,,01_CURRENT.zip (Sep 26)
01_CURRENT,JIT_M3_R22/components/ui/accordion.tsx,2048,a4f153089ba886dfcf73fac26b5c01ca933fa12fbe88df6fb723912bfffdfbb0,ts,,,1,,01_CURRENT.zip (Sep 26)
01_CURRENT,JIT_M3_R22/components/ui/kbd.tsx,862,6088c3a5432338b1719c17e9b5d0e1fa74fd1f66060f248fc88909d33a82cd13,ts,,,1,,01_CURRENT.zip (Sep 26)
01_CURRENT,JIT_M3_R22/components/ui/checkbox.tsx,1214,b23ab9d4deeedf2ac8f512c368361ede681aa383437ef48563a6f9b7dbe95f27,ts,,,1,,01_CURRENT.zip (Sep 26)
01_CURRENT,JIT_M3_R22/components/ui/avatar.tsx,2916,58a846bf1617b94b9681921db9b8461d0145f311424663d11678a06b6153cb34,ts,,,1,,01_CURRENT.zip (Sep 26)
01_CURRENT,JIT_M3_R22/components/ui/input-group.tsx,5065,6afbd58fea4c438e6252dc4568bddc122e84ababead4ad5cee50ace01100c9a0,ts,,,1,,01_CURRENT.zip (Sep 26)
01_CURRENT,JIT_M3_R22/components/ui/form.tsx,3757,315b46bb75ab7d1c6061b5d750aa4bedf6e7a455e15e2d7f9182f053d5972b1e,ts,,,1,,01_CURRENT.zip (Sep 26)
01_CURRENT,JIT_M3_R22/components/ui/collapsible.tsx,795,c6598e5584f4258b5d9fefadbc5ad6a66888ad58729f4b634a0bb2d9c513188b,ts,,,1,,01_CURRENT.zip (Sep 26)
01_CURRENT,JIT_M3_R22/components/ui/toggle-group.tsx,2308,69f643e889e933f05c1439084480d8646f66a161c7d1cf0730ee926382ade35e,ts,,,1,,01_CURRENT.zip (Sep 26)
01_CURRENT,JIT_M3_R22/components/ui/bubble.tsx,4699,870cc0c5cfc8a515053f7e41e706a6bd017a909b45f1305fd3b164a52cc4483b,ts,,,1,,01_CURRENT.zip (Sep 26)
01_CURRENT,JIT_M3_R22/components/ui/dialog.tsx,4303,dce39c6adc47d997bd2567f8b7a72f466b0134715105cd42f9194007b8ecdb14,ts,,,1,,01_CURRENT.zip (Sep 26)
01_CURRENT,JIT_M3_R22/components/ui/badge.tsx,1776,46a0de5224f6a5d5d63d45246534288518dce888f031064bff925bbc7fe6ad97,ts,,,1,,01_CURRENT.zip (Sep 26)
01_CURRENT,JIT_M3_R22/components/ui/empty.tsx,2396,ae95bdcf367a076ae02e7925f14522a148798f72d9651749c6d55497dba584c0,ts,,,1,,01_CURRENT.zip (Sep 26)
01_CURRENT,JIT_M3_R22/components/ui/label.tsx,606,a476e41f08b9de5bd447de66a33d8bc2ad18f2fa6b96c064778bab4b6f439f4c,ts,,,1,,01_CURRENT.zip (Sep 26)
01_CURRENT,JIT_M3_R22/components/ui/input-otp.tsx,2254,161946daa89f0eda2575b9271c0494e35807c4ffb55598a49f67160c17fec299,ts,,,1,,01_CURRENT.zip (Sep 26)
01_CURRENT,JIT_M3_R22/components/ui/marker.tsx,1864,3d798763f094b2bb5e7ade2d5cd1b9bab498bc8ca7fd4cfaf4e5835bdedc34a0,ts,,,1,,01_CURRENT.zip (Sep 26)
01_CURRENT,JIT_M3_R22/components/ui/chart.tsx,10614,45aa5ea4a386f4fb5b8869ff4bab3a08cf89255190ee322043baf84c3e950b6a,ts,,,1,,01_CURRENT.zip (Sep 26)
01_CURRENT,JIT_M3_R22/components/ui/alert-dialog.tsx,5439,9a8d950f2b9b4352d5ebb762fb44d5c28c2d353aa29712071973656a8736e311,ts,,,1,,01_CURRENT.zip (Sep 26)
01_CURRENT,JIT_M3_R22/components/ui/combobox.tsx,9158,2d68e78b2dc7e38a085f222dede60a80b4f8229a6e91732c484605e204d46735,ts,,,1,,01_CURRENT.zip (Sep 26)
01_CURRENT,JIT_M3_R22/components/ui/message-scroller.tsx,3992,bb7660a248e4e9589c3816c7c1c199ea1381a70d2c8476ae895b567a7a4d86cf,ts,,,1,,01_CURRENT.zip (Sep 26)
01_CURRENT,JIT_M3_R22/components/ui/command.tsx,4818,361193df1e3d64a9e9b5048f045264782fcb387aab3f00f2b805fdcbf538b16a,ts,,,1,,01_CURRENT.zip (Sep 26)
01_CURRENT,JIT_M3_R22/components/ui/calendar.tsx,7832,3855fbe0d3f8ad3a4b93071f98b76a9f6782d46ec8b05f5d2ddbee1e4e39bc84,ts,,,1,,01_CURRENT.zip (Sep 26)
01_CURRENT,JIT_M3_R22/components/ui/alert.tsx,1614,2cc59b5f7bda91c1670884b1bf46bfc8a2a6f226cef184f5762acc037188885b,ts,,,1,,01_CURRENT.zip (Sep 26)
01_CURRENT,JIT_M3_R22/components/ui/scroll-area.tsx,1639,8bd9d986b2844c9a87de825c6de4787b6739b36c3dc9a05ccf3eb107160e4043,ts,,,1,,01_CURRENT.zip (Sep 26)
01_CURRENT,JIT_M3_R22/components/ui/sheet.tsx,4188,63863cf2df8f8973e52b3459ac9bdbf81be1262dbc70eb53d5271ffb03488e16,ts,,,1,,01_CURRENT.zip (Sep 26)
01_CURRENT,JIT_M3_R22/components/ui/popover.tsx,2357,31c350309ff5d3034e6ecf1b0eda75ba8855bdbf987fc7ad6d71f0ef07c5a447,ts,,,1,,01_CURRENT.zip (Sep 26)
01_CURRENT,JIT_M3_R22/components/ui/sonner.tsx,1034,13ccc9b0fe4248e622f83a1d3b2f0566b72b5e04162d7d0c8db8945ecc71b55f,ts,,,1,,01_CURRENT.zip (Sep 26)
01_CURRENT,JIT_M3_R22/components/ui/message.tsx,2232,9d2952bf3b641081f09aa2739535e6bbd1be0a4946789752a2c20d8aaef43185,ts,,,1,,01_CURRENT.zip (Sep 26)
01_CURRENT,JIT_M3_R22/components/ui/menubar.tsx,8389,9243af8afcea03703398ccd1c2a8c0a87ad6cbaf2bd272fb609f5b79fe46aebb,ts,,,1,,01_CURRENT.zip (Sep 26)
01_CURRENT,JIT_M3_R22/components/ui/input.tsx,962,8c4612a7c41319ac5049daa3b34b080f9784b6245c17780eb87c127e58e473db,ts,,,1,,01_CURRENT.zip (Sep 26)
01_CURRENT,JIT_M3_R22/components/ui/resizable.tsx,1815,bc63958467aa00557c551bb0d96a5ae4c965c1e1ba2380e595949d933b132f7c,ts,,,1,,01_CURRENT.zip (Sep 26)
01_CURRENT,JIT_M3_R22/components/ui/radio-group.tsx,1460,fe5ce39636d0818c2bf9c4eebddff893d1225fa2c81b5fa4bb8cbb39a8c913ce,ts,,,1,,01_CURRENT.zip (Sep 26)
01_CURRENT,JIT_M3_R22/components/ui/switch.tsx,1408,386d4d4deb39f34126f9700fe9bf5393d238485dd94018bba9d154dda84c62ae,ts,,,1,,01_CURRENT.zip (Sep 26)
01_CURRENT,JIT_M3_R22/components/ui/card.tsx,1987,c48dd3b96be90a7066f1aebf294f0af9d00ebcdc367d5d4aca55429ade570c1c,ts,,,1,,01_CURRENT.zip (Sep 26)
01_CURRENT,JIT_M3_R22/components/ui/hover-card.tsx,1526,f5d8df42c59370ec14d61bcc54f7d68e9bb7dfa0d6a872b2f7cffc2aafbf23b8,ts,,,1,,01_CURRENT.zip (Sep 26)
01_CURRENT,JIT_M3_R22/components/ui/item.tsx,4486,6e2144d6d87142dbbe56d568810bf546318c8aa661447ebb0d76ebbf382cb45f,ts,,,1,,01_CURRENT.zip (Sep 26)
01_CURRENT,JIT_M3_R22/components/ui/field.tsx,6159,ba67d76f017ac059fc86cf8c344e0b2991c4322d3619e125498c19b87f6eefbd,ts,,,1,,01_CURRENT.zip (Sep 26)
01_CURRENT,JIT_M3_R22/components/ui/table.tsx,2478,20e5a7f224959c6b75802995706a97e9da171f693d4b6b1b436388fcd9df96f3,ts,,,1,,01_CURRENT.zip (Sep 26)
01_CURRENT,JIT_M3_R22/components/ui/navigation-menu.tsx,6658,889d358a77de88e9cb6f39ea4895ea4c76eaf01d731b74e44f1c41e97a78a044,ts,,,1,,01_CURRENT.zip (Sep 26)
01_CURRENT,JIT_M3_R22/components/ui/context-menu.tsx,8268,2cf1fcf59df0649a3e2a126d1df2f639145f6b6bf5689ee54af1f40ab1245017,ts,,,1,,01_CURRENT.zip (Sep 26)
01_CURRENT,JIT_M3_R22/components/ui/skeleton.tsx,276,ba48dd5be5a6a1378bd4e011028654b5bf419f1e7d20ee4b9f8330c1264e7239,ts,,,1,,01_CURRENT.zip (Sep 26)
01_CURRENT,JIT_M3_R22/components/ui/direction.tsx,506,84ae2ad658207f0e0f367978e5508cd8027cd00c29c41d3d13db21a708c3d1e6,ts,,,1,,01_CURRENT.zip (Sep 26)
01_CURRENT,JIT_M3_R22/components/ui/attachment.tsx,6002,ae8a25dd1a896d3964e3ef54d97e51221b418cde287dfd794428b89951c5c790,ts,,,1,,01_CURRENT.zip (Sep 26)
01_CURRENT,JIT_M3_R22/components/ui/slider.tsx,1991,0e37484f4b416e79ac18c655cac961aefacf6e67085cfc2b320ea8af545635a3,ts,,,1,,01_CURRENT.zip (Sep 26)
01_CURRENT,JIT_M3_R22/components/ui/select.tsx,6353,0b796a108a4eb5ba52d9ad938b7aea36dc56ae66c703a6d0a23dbc24f96daff3,ts,,,1,,01_CURRENT.zip (Sep 26)
01_CURRENT,JIT_M3_R22/components/ui/separator.tsx,694,6da346505c8629a4668420d2a5ca48891383bbe0b0ceb14163537c671879427e,ts,,,1,,01_CURRENT.zip (Sep 26)
01_CURRENT,JIT_M3_R22/hooks/use-mobile.ts,565,ad0936f84f1df79d3697bfbff9c18f8ad58431c1cbaf2359c6a853b0fcc9f28b,ts,,,1,,01_CURRENT.zip (Sep 26)
01_CURRENT,JIT_M3_R22/public/favicon.svg,214,ac56f0ed3105ebf375350fda22e0522375f181856990d331f45a45f1c3d99727,other,,,1,,01_CURRENT.zip (Sep 26)
01_CURRENT,JIT_M3_R22/public/originals/Archipelago.html,196637,fd21f97ab145b1fc6253c9c1077026653542bf5a1a855ffea39ed01b473c2e00,html,webgl2,Archipelago Pinnacle V3 — Hyperreal Island Ocean World,2,,01_CURRENT.zip (Sep 26)
01_CURRENT,JIT_M3_R22/public/originals/heightfieldBEST.html,83055,9f7cd487f07873d5314eb25b9b16f9fad8f854627d6c641a783d61d2a1be5180,html,webgl2,Aqua Phase 7 SWE — Reference Visual Transplant Single HTML,3,,01_CURRENT.zip (Sep 26)
01_CURRENT,JIT_M3_R22/public/originals/Poseidon.html,194847,8a917d818a30e2477ac7b6e6d82a8e1ca6561314d12bcc65869a6efaca0a330c,html,webgl2,POSEIDON — R6.4.5 Foam Polarity Correction / Protected Water,2,,01_CURRENT.zip (Sep 26)
01_CURRENT,JIT_M3_R22/public/originals/manifest.json,1020,e65d37fa921091c43e06f55e4b345e551ec465640e355a3b691d5e4271fa6b96,data,,,1,,01_CURRENT.zip (Sep 26)
01_CURRENT,JIT_M3_R22/public/originals/jit_infinite.html,858978,838b66fed1868fb698a315c18d544727104742453d55d278eed2715fc1cdc271,html,webgl+three,WaterPRO JIT Splash + Heightfield Models — True Particle Relative Scale,3,,01_CURRENT.zip (Sep 26)
01_CURRENT,JIT_M3_R22/public/originals/Particles4All/README.md,2509,a4132b4ae5cc140c1bfcd5d5903cb3393c385ac7256005579dd9bccd85d6cd3e,doc,,,2,,01_CURRENT.zip (Sep 26)
01_CURRENT,JIT_M3_R22/public/originals/Particles4All/index.html,16748,da59254a1a39d199f48e14ea0a7e21b2f59137c79136bf9860a236df96a91896,html,,Position Based Fluids — WebGPU,2,,01_CURRENT.zip (Sep 26)
01_CURRENT,JIT_M3_R22/public/originals/Particles4All/LICENSE,1090,149ae286256d79ddf6246cfc9d74a2c3892ff71c5c750af9d4ce1825a86e6dc8,other,,,2,,01_CURRENT.zip (Sep 26)
01_CURRENT,JIT_M3_R22/public/originals/Particles4All/.gitignore,252,960159c59fa5ecc49aa54354ffe93d7ef319ca8bffce09579a08c59545f30b68,other,,,2,,01_CURRENT.zip (Sep 26)
01_CURRENT,JIT_M3_R22/public/originals/Particles4All/netlify.toml,689,b5582e0f8776069d6f25c38b9f9d8c10e7a2488901e1f92ae3cd5fcf38517a87,other,,,2,,01_CURRENT.zip (Sep 26)
01_CURRENT,JIT_M3_R22/public/originals/Particles4All/src/scene.js,11548,9e93b4cf85cf4ed81eb3b9f44fede2e67ba4162e41af15ef75254bcddd2bba40,js,,,2,,01_CURRENT.zip (Sep 26)
01_CURRENT,JIT_M3_R22/public/originals/Particles4All/src/sim.js,31865,11efb2efe9876c23b7aab36b1a07615d1fc89ac550bfa7f9db8f5e8feaef02e1,js,,,2,,01_CURRENT.zip (Sep 26)
01_CURRENT,JIT_M3_R22/public/originals/Particles4All/src/gputimer.js,3643,9d3cee4f5f72410efa484cab85597061e6e42cd9717b8bedee51e7daaa863403,js,,,2,,01_CURRENT.zip (Sep 26)
01_CURRENT,JIT_M3_R22/public/originals/Particles4All/src/mesh_wgsl.js,11594,94ec26c8e730348ca86170e4890a58f6888708c54a55c4da2b70ebd85ac6e107,js,,,2,,01_CURRENT.zip (Sep 26)
01_CURRENT,JIT_M3_R22/public/originals/Particles4All/src/render.js,12157,37a45489640820703c4ec5f5eb6d909f86a34df427be8dcba47a6c70ddee8347,js,,,2,,01_CURRENT.zip (Sep 26)
01_CURRENT,JIT_M3_R22/public/originals/Particles4All/src/settingsini.js,3427,42c667b85a08132f493ef3ecd9e363d7cd7bad76acfb5f51f574fb42f6d279c6,js,,,2,,01_CURRENT.zip (Sep 26)
01_CURRENT,JIT_M3_R22/public/originals/Particles4All/src/ray_wgsl.js,17747,8d01fcd635c75d51c94c69b182b46cb3ba88c2b2911fa3ac45919cb13cbc36da,js,,,2,,01_CURRENT.zip (Sep 26)
01_CURRENT,JIT_M3_R22/public/originals/Particles4All/src/env.js,8402,e4679597b68274b6a25ee0342a8dd5d1138c6e39aa43c64c679267fb60538f2c,js,,,2,,01_CURRENT.zip (Sep 26)
01_CURRENT,JIT_M3_R22/public/originals/Particles4All/src/solid_wgsl.js,2535,2fcd74ed77a395611582241ba36b192c99f8aa1ff160ff3d802ffc3054a667a0,js,,,2,,01_CURRENT.zip (Sep 26)
01_CURRENT,JIT_M3_R22/public/originals/Particles4All/src/ssfr_wgsl.js,11117,ca41b1d261e23e1f0261ab9286d767295782d2f2049f02bd5998ae27755c4d4e,js,,,2,,01_CURRENT.zip (Sep 26)
01_CURRENT,JIT_M3_R22/public/originals/Particles4All/src/aniso_wgsl.js,5002,6450846577787602aff0e6df5a802fae7ec471b465cb5aaaa41e500b05607451,js,,,2,,01_CURRENT.zip (Sep 26)
01_CURRENT,JIT_M3_R22/public/originals/Particles4All/src/ray.js,3705,0a39ccb1180226143707f8d0707c02235f681312b210e62d34b4892be85de242,js,,,2,,01_CURRENT.zip (Sep 26)
01_CURRENT,JIT_M3_R22/public/originals/Particles4All/src/mesh.js,17650,5b6ce4cf8a05c4a6b5724e4ff1e8d313380c76dea3d163969b60fb5c2f64a113,js,,,2,,01_CURRENT.zip (Sep 26)
01_CURRENT,JIT_M3_R22/public/originals/Particles4All/src/ssfr.js,14300,189c48d7d36dbf31f99753b5f77a787088ae6676b79dcba9d92639f1c1c59430,js,,,2,,01_CURRENT.zip (Sep 26)
01_CURRENT,JIT_M3_R22/public/originals/Particles4All/src/wgsl.js,30519,59d851d14ced431d151bf03020337496c057a213643408a7439ded73ae8ffe31,js,,,2,,01_CURRENT.zip (Sep 26)
01_CURRENT,JIT_M3_R22/public/originals/Particles4All/src/main.js,46448,3f18e26debf3baaa6b7697311a6028bd4873321155279863ed64da1f4b7c40a6,js,,,2,,01_CURRENT.zip (Sep 26)
01_CURRENT,JIT_M3_R22/public/originals/Particles4All/src/solids.js,7058,3f4d469f224260eadc277682a671b14d0911149048f263cca868f958be58a16a,js,,,2,,01_CURRENT.zip (Sep 26)
01_CURRENT,JIT_M3_R22/public/originals/Particles4All/src/ssfr_composite_wgsl.js,10744,dd0003e37f28d4cc8fccbcc0016951712605c3be46de43aa39f2d5c9d21fe205,js,,,2,,01_CURRENT.zip (Sep 26)
01_CURRENT,JIT_M3_R22/public/originals/Particles4All/env/README.md,816,b52807801359e3b155f20c786fd17cdc9a114fd1465ab4df546b159a73e4522f,doc,,,2,,01_CURRENT.zip (Sep 26)
01_CURRENT,JIT_M3_R22/public/originals/Particles4All/env/quarry_cloudy_1k.hdr,1646294,0afb51ae906b74b59e673ab8a2bd2eb939b9eb916ba574bc95c6b1ba921409ed,image,,,2,,01_CURRENT.zip (Sep 26)
01_CURRENT,JIT_M3_R22/public/originals/Particles4All/presets/large.ini,1265,eb424bae0c847d76b91919768ac4c715c83f67c3e6542dd7e82e99d6bba4aa14,data,,,2,,01_CURRENT.zip (Sep 26)
01_CURRENT,JIT_M3_R22/public/originals/Particles4All/presets/small.ini,1227,000dbfa14c7db7c5b1c190903986d32a2d50eac6637f33c71fc2e4bfeaee8190,data,,,2,,01_CURRENT.zip (Sep 26)
01_CURRENT,JIT_M3_R22/public/originals/Particles4All/presets/medium.ini,1253,b3688cdb5f8108ee83f5a8604c03b6fa254a5828a8797f78e62b00cf4abd806e,data,,,2,,01_CURRENT.zip (Sep 26)
01_CURRENT,JIT_M3_R22/public/evolved-v3/BEST-JIT-M3.html,86605,296cf167b2283a3b8f439faa266a5654ef9f19c466c34584a2376774fc3fc508,html,webgl2,JIT M3 · Aqua Phase 7 SWE — Reference Visual Transplant Single HTML,1,,01_CURRENT.zip (Sep 26)
01_CURRENT,JIT_M3_R22/public/evolved-v3/core/events.mjs,15843,1322993db286d32f6bf91f6c8aed5385e5cecd4eee72989430fc302e067d52e2,js,,,5,,01_CURRENT.zip (Sep 26)
01_CURRENT,JIT_M3_R22/public/evolved-v3/core/surface-worker.mjs,654,91cd4b4ce006aa593c7c68d1b91de348518c76628e889fb0abcae03526dac8b9,js,,,3,,01_CURRENT.zip (Sep 26)
01_CURRENT,JIT_M3_R22/public/evolved-v3/core/optics.mjs,5074,b430f32ec3d5effd3643fd95c0518ac1874f370fb327bd8ed2be3cbc341969c0,js,,,3,,01_CURRENT.zip (Sep 26)
01_CURRENT,JIT_M3_R22/public/evolved-v3/core/splash-surface.mjs,6281,65da590e74bcb93db6a8581d3b7e2ac45cfa83926137dbec4c8cadd2ed652f40,js,,,1,,01_CURRENT.zip (Sep 26)
01_CURRENT,JIT_M3_R22/public/evolved-v3/core/coupling.mjs,18582,92e1a621881c31b4070c729dd56b0469fd5d586d1574f24984566f3fd1e7f497,js,,,1,,01_CURRENT.zip (Sep 26)
01_CURRENT,JIT_M3_R22/public/evolved-v3/core/mls-mpm.mjs,49,830e5e7eed289e9d55cde48a64456684d97a72e383a7b663557d4c01b2c125fd,js,,,3,,01_CURRENT.zip (Sep 26)
01_CURRENT,JIT_M3_R22/public/evolved-v3/core/connected-field.mjs,13519,a67abc5d08ec0b11cb1ca9589142545bcb424cea9babf7d8c7ba1e22563f6c34,js,,,3,,01_CURRENT.zip (Sep 26)
01_CURRENT,JIT_M3_R22/public/evolved-v3/core/physics-worker.mjs,29903,de404ffb6e39138bbad88a0104a54f372146c8a4f826fdc4bfb5fe9e77f62be2,js,,,1,,01_CURRENT.zip (Sep 26)
01_CURRENT,JIT_M3_R22/public/evolved-v3/core/clock.mjs,1426,5c216e62e6a08ca95015c2ca853dbb34c19cbfd7e67e3aab739186328b6e4933,js,,,4,,01_CURRENT.zip (Sep 26)
01_CURRENT,JIT_M3_R22/public/evolved-v3/core/fast-mls-mpm.mjs,6887,33af22fa209cff4ffe1270eaf7a14ce04177ea7e86a22eb1741912ec39062ada,js,,,2,,01_CURRENT.zip (Sep 26)
01_CURRENT,JIT_M3_R22/public/ocean-m4/ARCHIPELAGO-M4.html,229626,0f2ce5957f1ed64d606aba23770640bd402ba9c64f66814a6bdc0a4d18fc66a1,html,webgl2,Archipelago Pinnacle V3 — Hyperreal Island Ocean World,1,,01_CURRENT.zip (Sep 26)
01_CURRENT,JIT_M3_R22/public/ocean-m4/Poseidon-repaired.html,195062,8f3e12cc9241e377ee98c6fb2de73e19bf4950144da95a40e10c5175de86a8f4,html,webgl2,POSEIDON — R6.4.5 Minimal Runtime and Optics Repair,1,,01_CURRENT.zip (Sep 26)
01_CURRENT,JIT_M3_R22/public/ocean-m4/core/events.mjs,15843,1322993db286d32f6bf91f6c8aed5385e5cecd4eee72989430fc302e067d52e2,js,,,5,01_CURRENT:JIT_M3_R22/public/evolved-v3/core/events.mjs,01_CURRENT.zip (Sep 26)
01_CURRENT,JIT_M3_R22/public/ocean-m4/core/hybrid-ocean.mjs,6770,2fe1c6704d25409659dacf2ce8cf05bded5d22d0db96358e1293c96c103d75b9,js,,,1,,01_CURRENT.zip (Sep 26)
01_CURRENT,JIT_M3_R22/public/ocean-m4/core/surface-worker.mjs,654,91cd4b4ce006aa593c7c68d1b91de348518c76628e889fb0abcae03526dac8b9,js,,,3,01_CURRENT:JIT_M3_R22/public/evolved-v3/core/surface-worker.mjs,01_CURRENT.zip (Sep 26)
01_CURRENT,JIT_M3_R22/public/ocean-m4/core/residual-wave.mjs,21501,c3ccb0cf809cad9953264c2529984882d811ed1a7158659f8be23d494dcee0e6,js,,,1,,01_CURRENT.zip (Sep 26)
01_CURRENT,JIT_M3_R22/public/ocean-m4/core/mls-mpm.mjs,49,830e5e7eed289e9d55cde48a64456684d97a72e383a7b663557d4c01b2c125fd,js,,,3,01_CURRENT:JIT_M3_R22/public/evolved-v3/core/mls-mpm.mjs,01_CURRENT.zip (Sep 26)
01_CURRENT,JIT_M3_R22/public/ocean-m4/core/connected-field.mjs,13519,a67abc5d08ec0b11cb1ca9589142545bcb424cea9babf7d8c7ba1e22563f6c34,js,,,3,01_CURRENT:JIT_M3_R22/public/evolved-v3/core/connected-field.mjs,01_CURRENT.zip (Sep 26)
01_CURRENT,JIT_M3_R22/public/ocean-m4/core/ocean-worker.mjs,16915,bf647104d59805c3443cad5d381a45db96d3848548d9fa47cadcb973ddfd9d79,js,,,1,,01_CURRENT.zip (Sep 26)
01_CURRENT,JIT_M3_R22/public/ocean-m4/core/ocean-coupling.mjs,25548,38ee8b8926b9b415869e9db8f50ca453186caf03c81f71826f1070db6889422e,js,,,1,,01_CURRENT.zip (Sep 26)
01_CURRENT,JIT_M3_R22/public/ocean-m4/core/fast-mls-mpm.mjs,6887,33af22fa209cff4ffe1270eaf7a14ce04177ea7e86a22eb1741912ec39062ada,js,,,2,01_CURRENT:JIT_M3_R22/public/evolved-v3/core/fast-mls-mpm.mjs,01_CURRENT.zip (Sep 26)
01_CURRENT,JIT_M3_R22/public/developer-lab/JIT-DEVELOPER-LAB.html,114146,0a1305bf3c247830f6c9336f9a3bc23d2ccfceb0e912cb706b4bc3479b75f3e2,html,webgl2,JIT M3 Developer Lab,1,,01_CURRENT.zip (Sep 26)
01_CURRENT,JIT_M3_R22/public/developer-lab/core/events.mjs,15843,1322993db286d32f6bf91f6c8aed5385e5cecd4eee72989430fc302e067d52e2,js,,,5,01_CURRENT:JIT_M3_R22/public/evolved-v3/core/events.mjs,01_CURRENT.zip (Sep 26)
01_CURRENT,JIT_M3_R22/public/developer-lab/core/world-metric-pages.mjs,1627,85d9e566a63c716b9849bbf6ec7637552ea72630c3ec571d78d9198e96236232,js,,,1,,01_CURRENT.zip (Sep 26)
01_CURRENT,JIT_M3_R22/public/developer-lab/core/surface-worker.mjs,654,91cd4b4ce006aa593c7c68d1b91de348518c76628e889fb0abcae03526dac8b9,js,,,3,01_CURRENT:JIT_M3_R22/public/evolved-v3/core/surface-worker.mjs,01_CURRENT.zip (Sep 26)
01_CURRENT,JIT_M3_R22/public/developer-lab/core/optics.mjs,5074,b430f32ec3d5effd3643fd95c0518ac1874f370fb327bd8ed2be3cbc341969c0,js,,,3,01_CURRENT:JIT_M3_R22/public/evolved-v3/core/optics.mjs,01_CURRENT.zip (Sep 26)
01_CURRENT,JIT_M3_R22/public/developer-lab/core/splash-surface.mjs,6382,5979b2127422f43a7f71e1cd17e3d2c6384f32c3ea1c47b183deee1eb1f4c7b2,js,,,1,,01_CURRENT.zip (Sep 26)
01_CURRENT,JIT_M3_R22/public/developer-lab/core/coupling.mjs,19049,1c53d11b32665a3ecc564800fb36fa5fe82515c60152aa379750189c8d12790e,js,,,1,,01_CURRENT.zip (Sep 26)
01_CURRENT,JIT_M3_R22/public/developer-lab/core/sea-boundary.mjs,7760,30180b41dffa1b9c7f52fa54e87112bb10f4f6f7c27375a8229d663d3e3c5660,js,,,1,,01_CURRENT.zip (Sep 26)
01_CURRENT,JIT_M3_R22/public/developer-lab/core/lab-model.mjs,3175,226e57206198c05a4aa1bf725b7088710d8580f6691f13de5b35e40c57919c87,js,,,1,,01_CURRENT.zip (Sep 26)
01_CURRENT,JIT_M3_R22/public/developer-lab/core/mls-mpm.mjs,49,830e5e7eed289e9d55cde48a64456684d97a72e383a7b663557d4c01b2c125fd,js,,,3,01_CURRENT:JIT_M3_R22/public/evolved-v3/core/mls-mpm.mjs,01_CURRENT.zip (Sep 26)
01_CURRENT,JIT_M3_R22/public/developer-lab/core/managed-water-pages.mjs,6200,744274a058684391ff2d0fe0d3196a94bab0d63051fe24bbd7e6cc5c8de71348,js,,,1,,01_CURRENT.zip (Sep 26)
01_CURRENT,JIT_M3_R22/public/developer-lab/core/lab-optics.mjs,37690,544aafdf5e986253af35c17d0d26367629ffac8f7e2a35e10b715c6a8eca07ea,js,,,1,,01_CURRENT.zip (Sep 26)
01_CURRENT,JIT_M3_R22/public/developer-lab/core/connected-field.mjs,13519,a67abc5d08ec0b11cb1ca9589142545bcb424cea9babf7d8c7ba1e22563f6c34,js,,,3,01_CURRENT:JIT_M3_R22/public/evolved-v3/core/connected-field.mjs,01_CURRENT.zip (Sep 26)
01_CURRENT,JIT_M3_R22/public/developer-lab/core/wetness-state.mjs,3715,a4f25e3412384afa80d40467413ec5c4b3dc544537bbf9e327c22099acae3431,js,,,1,,01_CURRENT.zip (Sep 26)
01_CURRENT,JIT_M3_R22/public/developer-lab/core/physics-worker.mjs,40844,ab55952e359cf5fdbb1560b287d08b56611266f73cfe89db77815811d2b518e4,js,,,1,,01_CURRENT.zip (Sep 26)
01_CURRENT,JIT_M3_R22/public/developer-lab/core/water-object-contact.mjs,2186,a31242dc82de0b925399e9588e05e004372c2e5a9ffd53b0c6cf1bae971b7ebb,js,,,1,,01_CURRENT.zip (Sep 26)
01_CURRENT,JIT_M3_R22/public/developer-lab/core/clock.mjs,1426,5c216e62e6a08ca95015c2ca853dbb34c19cbfd7e67e3aab739186328b6e4933,js,,,4,01_CURRENT:JIT_M3_R22/public/evolved-v3/core/clock.mjs,01_CURRENT.zip (Sep 26)
01_CURRENT,JIT_M3_R22/public/developer-lab/core/fast-mls-mpm.mjs,6639,348f9df66633e023e7c7e08d4c24b504b3b7747b648662a6d0937b7d3f23c86f,js,,,1,,01_CURRENT.zip (Sep 26)
01_CURRENT,JIT_M3_R22/public/evolved/BEST-JIT-M2.html,82815,48e6ef18fe0bf15cee62434c4c9332f741290726415cbaaee061aa6f5a4b2dea,html,webgl2,JIT M2 · Aqua Phase 7 SWE — Reference Visual Transplant Single HTML,1,,01_CURRENT.zip (Sep 26)
01_CURRENT,JIT_M3_R22/public/evolved/core/events.mjs,15843,1322993db286d32f6bf91f6c8aed5385e5cecd4eee72989430fc302e067d52e2,js,,,5,01_CURRENT:JIT_M3_R22/public/evolved-v3/core/events.mjs,01_CURRENT.zip (Sep 26)
01_CURRENT,JIT_M3_R22/public/evolved/core/optics.mjs,5074,b430f32ec3d5effd3643fd95c0518ac1874f370fb327bd8ed2be3cbc341969c0,js,,,3,01_CURRENT:JIT_M3_R22/public/evolved-v3/core/optics.mjs,01_CURRENT.zip (Sep 26)
01_CURRENT,JIT_M3_R22/public/evolved/core/splash-surface.mjs,6671,a0d3142a6096d4cf6edd87a4bb244f515f91e3002c610589aeac9e6aaa66fdc6,js,,,1,,01_CURRENT.zip (Sep 26)
01_CURRENT,JIT_M3_R22/public/evolved/core/coupling.mjs,17422,33a5f6ebacd9ec28f3d63bd5e5b23f312176fd18f89325c6e3ea09e06362909b,js,,,1,,01_CURRENT.zip (Sep 26)
01_CURRENT,JIT_M3_R22/public/evolved/core/mls-mpm.mjs,5478,30dc897fad807a8dc23087c2f95688e882e52c18900e3b2f8b5351721c54d194,js,,,1,,01_CURRENT.zip (Sep 26)
01_CURRENT,JIT_M3_R22/public/evolved/core/clock.mjs,1426,5c216e62e6a08ca95015c2ca853dbb34c19cbfd7e67e3aab739186328b6e4933,js,,,4,01_CURRENT:JIT_M3_R22/public/evolved-v3/core/clock.mjs,01_CURRENT.zip (Sep 26)
01_CURRENT,JIT_M3_R22/research/M2-IMPLEMENTATION.md,4542,102f2f805fb38302d1a608ac4860573c9414212179722865e7582f93c3349e4a,doc,,,1,,01_CURRENT.zip (Sep 26)
01_CURRENT,JIT_M3_R22/research/JIT-Splash-M1/README.md,12796,37a57ecf0885c1cf9046fb6c70644141daf78182a2b4833620211fcea4bd88d6,doc,,,1,,01_CURRENT.zip (Sep 26)
01_CURRENT,JIT_M3_R22/research/JIT-Splash-M1/CONTINUATION.md,4284,8d65da2a1178fd82c91e285968dd1f2fdeba51e6a358f6630354e4691b135b0c,doc,,,1,,01_CURRENT.zip (Sep 26)
01_CURRENT,JIT_M3_R22/research/JIT-Splash-M1/package.json,445,4ed84c06facf5ccfe3606173be17db461d796df2eb087c4f58b481ef845063a3,data,,,1,,01_CURRENT.zip (Sep 26)
01_CURRENT,JIT_M3_R22/research/JIT-Splash-M1/PACKAGE-SHA256.txt,6730,60404783d6d68f97f7bb8d3641cae4bf29bb4e6dbbb3795869a973ec6bb9b8d7,doc,,,1,,01_CURRENT.zip (Sep 26)
01_CURRENT,JIT_M3_R22/research/JIT-Splash-M1/references/uploads/08-deep-research-report_LOD_waves-water.md,22153,0a3a3687d823dc7ce6d0f5f136298b822b0a906b0a98dcac00b07b02aaba02ab,doc,,,2,,01_CURRENT.zip (Sep 26)
01_CURRENT,JIT_M3_R22/research/JIT-Splash-M1/references/uploads/11-Hybriddeepthinkmlsmpm.txt,242094,2b33fdec444c092adc591540e3ec1110effe9ab223457b1f867cccfa50b79501,doc,,,2,,01_CURRENT.zip (Sep 26)
01_CURRENT,JIT_M3_R22/research/JIT-Splash-M1/references/uploads/03-heightfieldBEST.html,83055,9f7cd487f07873d5314eb25b9b16f9fad8f854627d6c641a783d61d2a1be5180,html,webgl2,Aqua Phase 7 SWE — Reference Visual Transplant Single HTML,3,01_CURRENT:JIT_M3_R22/public/originals/heightfieldBEST.html,01_CURRENT.zip (Sep 26)
01_CURRENT,JIT_M3_R22/research/JIT-Splash-M1/references/uploads/09-ARCHIPELAGO_PINNACLE_V3.html,196637,fd21f97ab145b1fc6253c9c1077026653542bf5a1a855ffea39ed01b473c2e00,html,webgl2,Archipelago Pinnacle V3 — Hyperreal Island Ocean World,2,01_CURRENT:JIT_M3_R22/public/originals/Archipelago.html,01_CURRENT.zip (Sep 26)
01_CURRENT,JIT_M3_R22/research/JIT-Splash-M1/references/uploads/04-Poseidon_R6.4.5-4-.html,194847,8a917d818a30e2477ac7b6e6d82a8e1ca6561314d12bcc65869a6efaca0a330c,html,webgl2,POSEIDON — R6.4.5 Foam Polarity Correction / Protected Water,2,01_CURRENT:JIT_M3_R22/public/originals/Poseidon.html,01_CURRENT.zip (Sep 26)
01_CURRENT,JIT_M3_R22/research/JIT-Splash-M1/references/uploads/05-db1e62f2e_WAVES_RIPPLES_SPLASHES_NORTHSTAR_SPEC.md,31374,80090a35b5b2dab51845634a0cba09b138affb5833d63e6381da3288094fd902,doc,,,1,,01_CURRENT.zip (Sep 26)
01_CURRENT,JIT_M3_R22/research/JIT-Splash-M1/references/uploads/02-jit_infinite.html,858978,838b66fed1868fb698a315c18d544727104742453d55d278eed2715fc1cdc271,html,webgl+three,WaterPRO JIT Splash + Heightfield Models — True Particle Relative Scale,3,01_CURRENT:JIT_M3_R22/public/originals/jit_infinite.html,01_CURRENT.zip (Sep 26)
01_CURRENT,JIT_M3_R22/research/JIT-Splash-M1/references/uploads/06-d05b5bbbc_SPLASH_MLSMPM_HYBRID_OCEAN_DOCUMENT_INDEX.md,14019,7d9637bbb6510b8b0068de759f3024e7210182ad3e2e068f86a7e4f955fd3a28,doc,,,1,,01_CURRENT.zip (Sep 26)
01_CURRENT,JIT_M3_R22/research/JIT-Splash-M1/references/uploads/13-SFXwaterIdeas.txt,235623,0c94e44a63cdccc2e3901182c7422c4a725155ed82d5bf768ce30e2c5f3730df,doc,,,2,,01_CURRENT.zip (Sep 26)
01_CURRENT,JIT_M3_R22/research/JIT-Splash-M1/references/uploads/07-deep-research-report_LOD_waves-water-Fable5.1.md,35538,ec047841e8ed46e5c18270ce1812e0bfb55af437d42231057f52c8c7a6aa1502,doc,,,2,,01_CURRENT.zip (Sep 26)
01_CURRENT,JIT_M3_R22/research/JIT-Splash-M1/references/uploads/10-DEEPTHINKmls-mpm.txt,151626,aee0433b78fc432c197c29a7444994e087b382e1e47e2d81e1be8894ac0a49a0,doc,,,1,,01_CURRENT.zip (Sep 26)
01_CURRENT,JIT_M3_R22/research/JIT-Splash-M1/references/uploads/12-Multi-Regime-Water.txt,380103,670716efd9fc6370ae23d625d5180ecea4df0075fab582f85fc68915a9f57d17,doc,,,2,,01_CURRENT.zip (Sep 26)
01_CURRENT,JIT_M3_R22/research/JIT-Splash-M1/references/jit-runtime/src/components/WaterScene.js,13967,d3393b3a8bb63bc0dc41b5f74e229192f3dc000f86a35fb15e4db6aafd0b30eb,js,,,1,,01_CURRENT.zip (Sep 26)
01_CURRENT,JIT_M3_R22/research/JIT-Splash-M1/references/jit-runtime/src/components/DraggableSphere.js,4020,6d31525026297c847b0466a54157af64f2fdcf7b636cee2d47ae8d603b41df51,js,,,1,,01_CURRENT.zip (Sep 26)
01_CURRENT,JIT_M3_R22/research/JIT-Splash-M1/references/jit-runtime/src/components/WaterUI.js,17950,dd438dec250b3a57e5b30be76cc2da4d89c26489c9793901422e6d5b1848e079,js,,,1,,01_CURRENT.zip (Sep 26)
01_CURRENT,JIT_M3_R22/research/JIT-Splash-M1/references/jit-runtime/src/components/NavLink.js,580,83bc0855a4fab600207c6c3c2a939af350e5154078e364234c22d9af7cd879a0,js,,,1,,01_CURRENT.zip (Sep 26)
01_CURRENT,JIT_M3_R22/research/JIT-Splash-M1/references/jit-runtime/src/components/PoolEnvironment.js,2666,fb65834f9583f8d662c7fc59a1b079dfda3a9dfd267622539587c617c112b17b,js,,,1,,01_CURRENT.zip (Sep 26)
01_CURRENT,JIT_M3_R22/research/JIT-Splash-M1/references/jit-runtime/src/components/SplashParticles.js,9172,4442aa3fbe420ae22df35ccd843285955c6dfadc6eebb3c489c7646648d55e72,js,,,1,,01_CURRENT.zip (Sep 26)
01_CURRENT,JIT_M3_R22/research/JIT-Splash-M1/references/jit-runtime/src/components/WaterSurface.js,3542,7af1533d047fdea55f86f8e6533784639a59f92561ded123e62155c0da1c8ddf,js,,,1,,01_CURRENT.zip (Sep 26)
01_CURRENT,JIT_M3_R22/research/JIT-Splash-M1/references/jit-runtime/src/hooks/useMlsMpm.js,2587,45dfa43aea9ef97b02a422283db917c2a0ccceaf3412c741caf132a41cfcf3e4,js,,,1,,01_CURRENT.zip (Sep 26)
01_CURRENT,JIT_M3_R22/research/JIT-Splash-M1/references/jit-runtime/src/hooks/useWaterSimulation.js,30197,7d0e960af4f2e3cc9b7e1f5f169cd2c0be805fdb7fa963d5d1d7e91d167c26da,js,,,1,,01_CURRENT.zip (Sep 26)
01_CURRENT,JIT_M3_R22/research/JIT-Splash-M1/references/jit-runtime/src/hooks/useCaustics.js,3237,368afd442205d164db0bb90b491ca3f7bc81371c5542870f5b58a406cbea897a,js,,,1,,01_CURRENT.zip (Sep 26)
01_CURRENT,JIT_M3_R22/research/JIT-Splash-M1/references/jit-runtime/src/lib/waterStore.js,3110,65c6b4add963924a3d8b88d64c1c26e730dd325896ab866de76d84153793c1ec,js,,,1,,01_CURRENT.zip (Sep 26)
01_CURRENT,JIT_M3_R22/research/JIT-Splash-M1/references/jit-runtime/src/lib/utils.js,147,1bb7859aef526c12563f4b0af67c70a010f2627b1d1f3e675f23a614e76f71ae,js,,,1,,01_CURRENT.zip (Sep 26)
01_CURRENT,JIT_M3_R22/research/JIT-Splash-M1/references/jit-runtime/src/lib/mlsmpm.js,25233,b71abc25fabd19859dd76ed52cfe6214e2b35c54b6fc5dffbdf73433fe9fd4ed,js,,,1,,01_CURRENT.zip (Sep 26)
01_CURRENT,JIT_M3_R22/research/JIT-Splash-M1/references/jit-runtime/src/lib/aquaHeightfield.js,20953,bbebdc2b76c83f5f149e1a5187a186c1fab612a3d143ce28d4d4e9ceb27e6c62,js,,,1,,01_CURRENT.zip (Sep 26)
01_CURRENT,JIT_M3_R22/research/JIT-Splash-M1/references/jit-runtime/src/lib/proceduralAssets.js,4161,8497302884c368339cad798a2d75b7cd92a59d9f02483e8c33d7a14bc5eb1fe0,js,,,1,,01_CURRENT.zip (Sep 26)
01_CURRENT,JIT_M3_R22/research/JIT-Splash-M1/references/jit-runtime/src/lib/mpmConnectivity.js,3384,933b78c15b0ff53379c7b992417a1392aca361f953193a53493564ab63727630,js,,,1,,01_CURRENT.zip (Sep 26)
01_CURRENT,JIT_M3_R22/research/JIT-Splash-M1/references/jit-runtime/src/shaders/waterShaders.js,17488,e4b32ad8c5c0cffa405c2a3cac5441c4b83eabc5bcf310a027bbca26316d1667,js,,,1,,01_CURRENT.zip (Sep 26)
01_CURRENT,JIT_M3_R22/research/JIT-Splash-M1/references/jit-runtime/src/pages/Index.js,1374,826956feae902b20b25b351f65714f5e2034adf0d88a912412c4e7e95e7e770e,js,,,1,,01_CURRENT.zip (Sep 26)
01_CURRENT,JIT_M3_R22/research/JIT-Splash-M1/audits/visual-particle-audit.md,21511,069e21ff15bf239114de5b1262f3d2cb6f2166bd96479a6b90e8ce0fd08f16dc,doc,,,1,,01_CURRENT.zip (Sep 26)
01_CURRENT,JIT_M3_R22/research/JIT-Splash-M1/audits/core-review.md,4948,3cb28dd155a7d16ebbf1aec2f7cd6e7082e67d8a84fa5cd6b13fd9c92a8c825f,doc,,,1,,01_CURRENT.zip (Sep 26)
01_CURRENT,JIT_M3_R22/research/JIT-Splash-M1/audits/requirements-audit.md,20996,2173b267928be0ae1e183e0b92a7eceb379c7a2112ac9420ed0ab86fa4f4b6b0,doc,,,1,,01_CURRENT.zip (Sep 26)
01_CURRENT,JIT_M3_R22/research/JIT-Splash-M1/audits/heightfield-audit.md,24286,71689c55b6a8192080eec990364014b16fc9184ae52ab0049b5eae9db6f1dc38,doc,,,1,,01_CURRENT.zip (Sep 26)
01_CURRENT,JIT_M3_R22/research/JIT-Splash-M1/tests/clock.test.mjs,1279,ef11ec859cc04034eea373733668302267f83a2c9624d64a86a0a7daba124275,js,,,1,,01_CURRENT.zip (Sep 26)
01_CURRENT,JIT_M3_R22/research/JIT-Splash-M1/tests/events.test.mjs,10529,413ec66905aa0f713c6687ce0410bb5a946ca970960835cda4b0fc034c673e6b,js,,,1,,01_CURRENT.zip (Sep 26)
01_CURRENT,JIT_M3_R22/research/JIT-Splash-M1/tests/surface.test.mjs,2816,021b3a3e23e5c28c6614473debd463422eec3d1af7a859ca07d24e25dc39f8ed,js,,,1,,01_CURRENT.zip (Sep 26)
01_CURRENT,JIT_M3_R22/research/JIT-Splash-M1/tests/apic.test.mjs,9244,df0409fa98d5b35a64104e55c8f2cf49adee3c9665d7abd300de301caff7935c,js,,,1,,01_CURRENT.zip (Sep 26)
01_CURRENT,JIT_M3_R22/research/JIT-Splash-M1/tests/integration.test.mjs,1195,1b905306da60f984515bdf02dab084dcc7591517522a2d2a19843f8598517c42,js,,,1,,01_CURRENT.zip (Sep 26)
01_CURRENT,JIT_M3_R22/research/JIT-Splash-M1/tests/review-regressions.test.mjs,3893,8525b268346738e8b23e2b0774493ed5e01f007ca11e6f4deea4ec34a7425d38,js,,,1,,01_CURRENT.zip (Sep 26)
01_CURRENT,JIT_M3_R22/research/JIT-Splash-M1/tests/transfer.test.mjs,14467,26a0f37c2aaad7168f4430a461189a8b3ef917630eb4fa2fde2fdac7bc2dc80b,js,,,1,,01_CURRENT.zip (Sep 26)
01_CURRENT,JIT_M3_R22/research/JIT-Splash-M1/tools/verify-sources.mjs,1225,8344b2b523b770196fe6982a5bfcd22cf2e17aee235a302f84a5e66e5171dc32,js,,,1,,01_CURRENT.zip (Sep 26)
01_CURRENT,JIT_M3_R22/research/JIT-Splash-M1/tools/demo.mjs,6036,bc54bfb33026096a876888d6b47bf46e5736acc615848740ab127aa1e0dc58d0,js,,,1,,01_CURRENT.zip (Sep 26)
01_CURRENT,JIT_M3_R22/research/JIT-Splash-M1/tools/source-probes.mjs,11015,62d4f7c1105f2803b7cee21dfa9cd773bd0b82fdef1cf075119c898d91da63cb,js,,,1,,01_CURRENT.zip (Sep 26)
01_CURRENT,JIT_M3_R22/research/JIT-Splash-M1/evidence/original-render-status.json,1810,c6bebb4b70aec96a2b97240daf83345f1d4b128cde252766d879a8f4565a22ab,data,,,1,,01_CURRENT.zip (Sep 26)
01_CURRENT,JIT_M3_R22/research/JIT-Splash-M1/evidence/source-manifest.json,4035,3451a286ea04a7f7e78d029d3113f7f8fec7d375f7ee7de8814c0fff08bed0f3,data,,,1,,01_CURRENT.zip (Sep 26)
01_CURRENT,JIT_M3_R22/research/JIT-Splash-M1/evidence/verification-summary.json,1044,0858ef248ec59d21d783ab198a26e5f2d3c0ae353f70bca9fdbd4d03cb2c4e1e,data,,,1,,01_CURRENT.zip (Sep 26)
01_CURRENT,JIT_M3_R22/research/JIT-Splash-M1/evidence/numerical-fixture-stdout.json,885,3e2f07a981b8399308e79788e2cd127aa2503305ff1b3ad14a0a8ba48baf3818,data,,,1,,01_CURRENT.zip (Sep 26)
01_CURRENT,JIT_M3_R22/research/JIT-Splash-M1/evidence/source-probes-stderr.txt,170,07b763718d69ee1360d8d3cb568de47b2876a1fa0c2bf7d9433b5e02d7e1a83e,doc,,,1,,01_CURRENT.zip (Sep 26)
01_CURRENT,JIT_M3_R22/research/JIT-Splash-M1/evidence/source-probes-stdout.json,844,9241a98c761142084050d218ff7cdd2747e39a5d1107fdd1720883696ebc019d,data,,,1,,01_CURRENT.zip (Sep 26)
01_CURRENT,JIT_M3_R22/research/JIT-Splash-M1/evidence/source-probes.json,5277,fb59cf98659282da32575700a1a4e583bc139eb11f74d2510dac2ec0a3b6331d,data,,,1,,01_CURRENT.zip (Sep 26)
01_CURRENT,JIT_M3_R22/research/JIT-Splash-M1/evidence/source-integrity-stdout.json,111,b6b2afeb958b51ab242a3bd7c4e75470a8c5505e2f58dd1ec8303ba914f41c11,data,,,1,,01_CURRENT.zip (Sep 26)
01_CURRENT,JIT_M3_R22/research/JIT-Splash-M1/evidence/test-stderr.txt,0,e3b0c44298fc1c149afbf4c8996fb92427ae41e4649b934ca495991b7852b855,doc,,,5,,01_CURRENT.zip (Sep 26)
01_CURRENT,JIT_M3_R22/research/JIT-Splash-M1/evidence/test-results.tap,12779,113fc82b164d1cbe3e48d7a5665dce6eb23a73476e85073084a988f49602dffe,log,,,1,,01_CURRENT.zip (Sep 26)
01_CURRENT,JIT_M3_R22/research/JIT-Splash-M1/evidence/numerical-fixture.json,359898,268c0cde915378da5a5ed79092860cfe8f7c6e7b8a5d2a94cf7522bb4c487e8a,data,,,1,,01_CURRENT.zip (Sep 26)
01_CURRENT,JIT_M3_R22/research/JIT-Splash-M1/evidence/particles-reference-manifest.json,4928,0f633e66033b8e8cf6186c30c03811e44f6a2618cb69702b1951d2d023b6affc,data,,,1,,01_CURRENT.zip (Sep 26)
01_CURRENT,JIT_M3_R22/research/JIT-Splash-M1/core/events.mjs,15843,1322993db286d32f6bf91f6c8aed5385e5cecd4eee72989430fc302e067d52e2,js,,,5,01_CURRENT:JIT_M3_R22/public/evolved-v3/core/events.mjs,01_CURRENT.zip (Sep 26)
01_CURRENT,JIT_M3_R22/research/JIT-Splash-M1/core/transfer.mjs,20832,2fc9413011a6e84a14af8a39986d834e91820686c0b413fbcc7e7bbf0981dde8,js,,,1,,01_CURRENT.zip (Sep 26)
01_CURRENT,JIT_M3_R22/research/JIT-Splash-M1/core/clock.mjs,1426,5c216e62e6a08ca95015c2ca853dbb34c19cbfd7e67e3aab739186328b6e4933,js,,,4,01_CURRENT:JIT_M3_R22/public/evolved-v3/core/clock.mjs,01_CURRENT.zip (Sep 26)
01_CURRENT,JIT_M3_R22/research/JIT-Splash-M1/core/apic.mjs,9138,b1d2954957a399f0c1c9971d0286ed46c81945ee45518da6316c096f12779f01,js,,,1,,01_CURRENT.zip (Sep 26)
01_CURRENT,JIT_M3_R22/research/JIT-Splash-M1/core/surface.mjs,4731,1bdd0e5a731a1676850e5aa3be26a6926776730d5e0bbfd7fd3e6494c81e265e,js,,,1,,01_CURRENT.zip (Sep 26)
01_CURRENT,JIT_M3_R22/app/chatgpt-auth.ts,2550,4265a2e7c2dcb3a6f4b7026f762bf5b6e4caec76cc13c0a45987ee9a9f2e42cc,ts,,,1,,01_CURRENT.zip (Sep 26)
01_CURRENT,JIT_M3_R22/app/globals.css,3748,bf533a37b4c35ea3f28f32cbc2bdfe377994c017c905113a172a5b8f1484b1c3,css,,,1,,01_CURRENT.zip (Sep 26)
01_CURRENT,JIT_M3_R22/app/page.tsx,8281,709ced9b4b6405e77ee2b96c1353aefd91bc276a0237863a69638fb60413ddab,ts,,,1,,01_CURRENT.zip (Sep 26)
01_CURRENT,JIT_M3_R22/app/layout.tsx,524,889f74951f14d6cdd3b7f45e96af943839997713e24db6c2ec3547a8a9506af5,ts,,,1,,01_CURRENT.zip (Sep 26)
01_CURRENT,JIT_M3_R22/scripts/build-verified.sh,661,2ae5329ac860076070c9217a43106a15cb5ecf907a0f7baeb9ef903f76b53c68,tool,,,1,,01_CURRENT.zip (Sep 26)
01_CURRENT,JIT_M3_R22/scripts/sites-env.mjs,906,5de99d6806b01f0ee0b941af3684d75dcf1afbbcff22cb95bfa2e584c5dafa88,js,,,1,,01_CURRENT.zip (Sep 26)
01_CURRENT,JIT_M3_R22/scripts/install-ci.mjs,1616,63f2c4589b740184b68a0c9214fe92439b6f7d1fbfbec9ef552fd745b0a9c6cc,js,,,1,,01_CURRENT.zip (Sep 26)
01_CURRENT,JIT_M3_R22/scripts/sites-env.sh,1530,df86ebfc27d2f00860036658e933ac0ddd7b5f6879aa5d51218f0863c7e1fb60,tool,,,1,,01_CURRENT.zip (Sep 26)
01_CURRENT,JIT_M3_R22/scripts/run-framework.mjs,993,9bf9f41a29314cabe0238b8e9c540ec3f7b5a6adafc7c8fb6c3940722d061dca,js,,,1,,01_CURRENT.zip (Sep 26)
01_CURRENT,JIT_M3_R22/scripts/execution-profile.mjs,624,2e71116f4d2b70cff8bb70436f8dd5c709ec7ff62893424530f404e0193d3630,js,,,1,,01_CURRENT.zip (Sep 26)
01_CURRENT,JIT_M3_R22/scripts/install-ci.sh,7471,2d04c0f3879c756a7a7b4b000e05d75cf98214ac3d1be2fc44327007d122176b,tool,,,1,,01_CURRENT.zip (Sep 26)
01_CURRENT,JIT_M3_R22/examples/d1/app/api/notes/route.ts,1700,a3d4a74fd53b7bf53e2df41f169d9d9d44a8b22aeb6d92f4e754956079af8909,ts,,,1,,01_CURRENT.zip (Sep 26)
01_CURRENT,JIT_M3_R22/examples/d1/db/schema.ts,370,d89eabd95716ce404f5f7ca2a254220435be8ddce7c899d7ef461ff22ec80454,ts,,,1,,01_CURRENT.zip (Sep 26)
01_CURRENT,JIT_M3_R22/tests/jit-m3.test.mjs,7140,19449d519d9838f6b18b552263ccbde3261c0aa004154cebfad84db302fb998f,js,,,1,,01_CURRENT.zip (Sep 26)
01_CURRENT,JIT_M3_R22/tests/jit-physics-worker-m3.test.mjs,2294,c31072bebb23f128c590f5a80e12196d6d5571bf8710068cb84ae995b308afea,js,,,1,,01_CURRENT.zip (Sep 26)
01_CURRENT,JIT_M3_R22/tests/jit-surface-m3.test.mjs,5648,b751f47d6472f44aaf133f9872468a2d79065b61d95751cdcb64c7cd5c72b89c,js,,,1,,01_CURRENT.zip (Sep 26)
01_CURRENT,JIT_M3_R22/tests/jit-m2.test.mjs,7128,6fee361808ecb2326d8c7e1b3c3bd607cf47fb1455a56ec6302eac21bc9c0579,js,,,1,,01_CURRENT.zip (Sep 26)
01_CURRENT,JIT_M3_R22/build/sites-vite-plugin.ts,7185,07af20e7097d9ed1d76f7c446d02997550b8fc5ca89668b249e25eabd62c6834,ts,,,1,,01_CURRENT.zip (Sep 26)
01_CURRENT,JIT_M3_R22/build/sites-vite-plugin.LICENSE,1063,7de1e115d165f176e68f962acdb809b5ab8d8ae78d3981e0701392b2ac50c713,other,,,1,,01_CURRENT.zip (Sep 26)
01_CURRENT,JIT_M3_R22/tools/r7-spectrum.test.mjs,2782,773a60dc5675bb61bab08ed645ed4f786602565b231abe54e41021d4f2d672a1,js,,,1,,01_CURRENT.zip (Sep 26)
01_CURRENT,JIT_M3_R22/tools/physics-harness-m3.mjs,1640,d4bf2352b0df834fb4abb8af8717f99f5ccf562404e27a1120caf2e0a4fc65f9,js,,,1,,01_CURRENT.zip (Sep 26)
01_CURRENT,JIT_M3_R22/tools/m4-optics-patch.py,7232,033b39d2bbb9ff5d5b8cdb5faa27da8f1f1bc79d27a6227320148824417a7bc3,tool,,,1,,01_CURRENT.zip (Sep 26)
01_CURRENT,JIT_M3_R22/tools/m4-lod-patch.py,3801,6cf4146cf69975a2a012f96f2ca80968faf0656282ee46eb4716ea7301f5cf60,tool,,,1,,01_CURRENT.zip (Sep 26)
01_CURRENT,JIT_M3_R22/tools/m4-ocean-coupling.test.mjs,5897,66ce0c9abd122fe3f2db34b0b31d8a6225b43184276af138446fcdaa9f7e5374,js,,,1,,01_CURRENT.zip (Sep 26)
01_CURRENT,JIT_M3_R22/tools/lab-physics.test.mjs,11313,aab8273787bd58b79140941cdbd877afdb845c1b9f69c3df5143a93d04b01267,js,,,1,,01_CURRENT.zip (Sep 26)
01_CURRENT,JIT_M3_R22/tools/check-lab-runtime.mjs,5829,e9ee558d538a33f26eeea707fb64cddf903b9342c65f42999a389010d9e42478,js,,,1,,01_CURRENT.zip (Sep 26)
01_CURRENT,JIT_M3_R22/tools/fork-best.py,11089,02d2c71f7679ee491fc53e80eb57e6b5d79d6d5319e1f65691fea37785e57fbe,tool,,,1,,01_CURRENT.zip (Sep 26)
01_CURRENT,JIT_M3_R22/tools/smoke-runtime-m3.mjs,4378,2c0c1a58f8aca624119859e64c212e80f6307c7341cfa3699a33f280b5a2c282,js,,,1,,01_CURRENT.zip (Sep 26)
01_CURRENT,JIT_M3_R22/tools/m4-hybrid-patch.py,4337,89ccaa81cf0f585bd91ac99578e26d553008f1e821a4ef32b3499bc638df71be,tool,,,1,,01_CURRENT.zip (Sep 26)
01_CURRENT,JIT_M3_R22/tools/benchmark-m3.mjs,2290,1d85cd1136e5aa6bbca7b07f5a2d157529d4d3cc79d06688a55adee8a70d45ac,js,,,1,,01_CURRENT.zip (Sep 26)
01_CURRENT,JIT_M3_R22/tools/lab-controls.html,3365,714da3269fd940c5b580b35495335cb796bffe209707ac8d71ec6d67d66498b7,html,,,1,,01_CURRENT.zip (Sep 26)
01_CURRENT,JIT_M3_R22/tools/lab-runtime.js,10525,3f694cc24bcf38f68b59b379a34a96d2b18e4144509a491102ad637df45c5b11,js,,,1,,01_CURRENT.zip (Sep 26)
01_CURRENT,JIT_M3_R22/tools/smoke-ocean-m4.mjs,8090,813c023e9aefa0aace0f6bcbd3dfa468868bd5eb6dfba9d4858640797990820f,js,,,1,,01_CURRENT.zip (Sep 26)
01_CURRENT,JIT_M3_R22/tools/repair-poseidon.mjs,2370,3910cf45e5a05148d1a08718d51e9485b26479eedd82e6bc321634bccf5e72d0,js,,,1,,01_CURRENT.zip (Sep 26)
01_CURRENT,JIT_M3_R22/tools/fork-best-m3.py,16112,5fae26d78aec04e5399f06897e5c1eee04462a3aba4cff68c92925553acbfd4d,tool,,,1,,01_CURRENT.zip (Sep 26)
01_CURRENT,JIT_M3_R22/tools/verify-m2.mjs,3311,4b234a593889b082a9d23fdbbd6bf3433e2cc1f62f846548e37e568ac2d8ee9d,js,,,1,,01_CURRENT.zip (Sep 26)
01_CURRENT,JIT_M3_R22/tools/r21-donor-integration.test.mjs,3445,a84db4a8666099f626cce7baa5053b2a3085579d5f4fdc081cd856bff55de2a7,js,,,1,,01_CURRENT.zip (Sep 26)
01_CURRENT,JIT_M3_R22/tools/physics-harness.mjs,1631,a05f06a1517144911365b6dac8357ba91dec79a4b80bc6a0ec24628b4ed8eb21,js,,,1,,01_CURRENT.zip (Sep 26)
01_CURRENT,JIT_M3_R22/tools/worker-bridge-template.js,2651,79f7a4835c22d24e6ba8995f24518c714b7d62dab6cdf9d316fa25e20ce140a6,js,,,1,,01_CURRENT.zip (Sep 26)
01_CURRENT,JIT_M3_R22/tools/m4-ocean-worker.test.mjs,7114,da28b5770aada5f8c2f8f1566ce824661d178b1e1aff462b75cdb839c82c2b35,js,,,1,,01_CURRENT.zip (Sep 26)
01_CURRENT,JIT_M3_R22/tools/fork-ocean-m4.py,5808,7011d877887378cf5d7f5570b686ffcb4bac144245ea2aeece02204f80e62fb6,tool,,,1,,01_CURRENT.zip (Sep 26)
01_CURRENT,JIT_M3_R22/tools/benchmark-render-m3.mjs,1753,371de273be1d1cd878a751057c5519ddf85ccb5006566238d07ec715af0e5f1e,js,,,1,,01_CURRENT.zip (Sep 26)
01_CURRENT,JIT_M3_R22/tools/compile-ocean-shaders.py,4355,36e5e1bf3851c02ca5f57778ecef7144096068e3afe69bb4dd0938a2c8e56265,tool,,,1,,01_CURRENT.zip (Sep 26)
01_CURRENT,JIT_M3_R22/tools/extract-ocean-shaders.mjs,1210,3be8184ad70663f0b5ed39f2c1c4848310d1d3b0dbc9b99c1558d2327c7edd67,js,,,1,,01_CURRENT.zip (Sep 26)
01_CURRENT,JIT_M3_R22/tools/r17-atlas.test.mjs,5708,fdf7fc392b635b29bf9a653d669d9405e9659e5d9b1170eb5ab19f2b1a8e9dd9,js,,,1,,01_CURRENT.zip (Sep 26)
01_CURRENT,JIT_M3_R22/tools/m2-scenarios.mjs,1747,62bb768e76fb1e0d6c5c2907bb02d857b82c0923564eb1960db21da151aed566,js,,,1,,01_CURRENT.zip (Sep 26)
01_CURRENT,JIT_M3_R22/tools/fork-developer-lab.py,10928,150acbc90ff79046f8459b15182e3f882ad9221d3afa63b96701092c7e3e9ee9,tool,,,1,,01_CURRENT.zip (Sep 26)
01_CURRENT,JIT_M3_R22/tools/wave-sampler-r22.test.mjs,1342,af9725fb361b71724cd419a7897b6ba0d0d532a8bae0a9002f2c0b51f0197c94,js,,,1,,01_CURRENT.zip (Sep 26)
01_CURRENT,JIT_M3_R22/tools/sea-boundary-r22.test.mjs,2030,ca2b21fa4e7680623a879570e5cd0fd3eb10ac9bc54c2c5fa2e4f6535ac3c80f,js,,,1,,01_CURRENT.zip (Sep 26)
01_CURRENT,JIT_M3_R22/tools/verify-m3.mjs,2585,a9329ab6b15f3087202b875a6d8d282374c2ba4e46531d5c4473d89990f12080,js,,,1,,01_CURRENT.zip (Sep 26)
01_CURRENT,JIT_M3_R22/tools/managed-pages.test.mjs,2602,0b11a0acb8b057587cdf0a51b72493e340ef9f3f24bddb1485abc7893a20f70e,js,,,1,,01_CURRENT.zip (Sep 26)
01_CURRENT,JIT_M3_R22/tools/m4-residual-wave.test.mjs,7612,bfd5a451efeb3484206a8dee77eb129098e2bd680e78c55c52b61e3064aaa5de,js,,,1,,01_CURRENT.zip (Sep 26)
01_CURRENT,JIT_M3_R22/tools/lab-ui.css,1849,63e69596b948be67b92adf6a858fe06e0349cb5a9bbda39cf41a299620884554,css,,,1,,01_CURRENT.zip (Sep 26)
01_CURRENT,JIT_M3_R22/tools/m3-scenarios.mjs,1759,1d37caf897e1e228b908f8b06e2ffedca7dc893d7004c514a013a67b5704a89a,js,,,1,,01_CURRENT.zip (Sep 26)
01_CURRENT,JIT_M3_R22/tools/m4-production-regression.mjs,7519,37b9100da064f484fbad649e1cd4156bbab83985bddc43bc045876149033b850,js,,,1,,01_CURRENT.zip (Sep 26)
01_CURRENT,JIT_M3_R22/tools/m4-fragments/display-lod.js,10390,cf56a00484457a41977e4f9327ee795a2d6eb6a319c37116b7596e989cff4a58,js,,,1,,01_CURRENT.zip (Sep 26)
01_CURRENT,JIT_M3_R22/tools/m4-fragments/optics-runtime.js,2376,d6903e334c1d2e40b65534c5e9c60b6d59060eb539e4e771bed29eeea1dc177f,js,,,1,,01_CURRENT.zip (Sep 26)
01_CURRENT,JIT_M3_R22/tools/m4-fragments/water-transport.mjs,12063,508540a0c86267a40e775bf86bfb8a4a44925912ced507fe8920ebdcc54c8246,js,,,1,,01_CURRENT.zip (Sep 26)
01_CURRENT,JIT_M3_R22/tools/m4-fragments/hybrid-runtime.js,6825,09e7d188b12424058b67668ae84c3c5370e51fac11271bd3824ad5c8ca78e69b,js,,,1,,01_CURRENT.zip (Sep 26)
01_CURRENT,JIT_M3_R22/lib/utils.ts,177,53f3d3d070f0a9082934da25b875f9499855c2b0693868dd28be8c23d8730f68,ts,,,1,,01_CURRENT.zip (Sep 26)
01_CURRENT,JIT_M3_R22/db/index.ts,423,dc7610b00b918e0ffff1360a63626f16655ced3064b2eaf96095a4101fb14bcd,ts,,,1,,01_CURRENT.zip (Sep 26)
01_CURRENT,JIT_M3_R22/db/schema.ts,169,13ddacbf0be50e054d450a6c642b7fdc1aa943fd6b99084711e07e58b600390d,ts,,,1,,01_CURRENT.zip (Sep 26)
01_CURRENT,JIT_M3_R22/drizzle/meta/_journal.json,61,90cb374e093894d0efce6f1830d873a42aadd8ba49d2f024495e5cb2e1c8c303,data,,,1,,01_CURRENT.zip (Sep 26)
01_CURRENT,JIT_M3_R22/vendor/shadcn-tailwind-4.13.0.css,16041,bc7d83425702955b4cb67cb14ede9d603f9d912376d57a2d81d661094d2a782a,css,,,1,,01_CURRENT.zip (Sep 26)
01_CURRENT,JIT_M3_R22/vendor/shadcn-tailwind-4.13.0.LICENSE.md,1063,1564074e13439397221ffd522e2e504d56561994a23d371aa5e3ad43e4f5423f,doc,,,1,,01_CURRENT.zip (Sep 26)
01_CURRENT,JIT_M3_R22/evidence/m2-verification.json,1304,57d412651a6901938c6b12984a68516188716e700d03cca48ea9ca9b04555052,data,,,1,,01_CURRENT.zip (Sep 26)
01_CURRENT,JIT_M3_R22/evidence/m2-final.tap,3179,969bc2f53563f0501cc5a17ef77ddc8473f3173cd3e9ea667d04c6807c3defe6,log,,,1,,01_CURRENT.zip (Sep 26)
01_CURRENT,JIT_M3_R22/evidence/m3-final.tap,4918,c77b1c7e132513d105a04aa3d4dc4c5f60029de13bd1244e785ee2df5203c6c0,log,,,1,,01_CURRENT.zip (Sep 26)
01_CURRENT,JIT_M3_R22/evidence/m4-residual-wave-performance.json,15727,aedaf395ff2c0b3150699df49bc3a2d9a661a1254d3f321d89d63e70a2d03d56,data,,,1,,01_CURRENT.zip (Sep 26)
01_CURRENT,JIT_M3_R22/evidence/lab-physics.tap,944,39e0b3dc44d788e7f7d54b08bde10988ae7715b5d20c0b53cc1f25aa1824a63c,log,,,1,,01_CURRENT.zip (Sep 26)
01_CURRENT,JIT_M3_R22/evidence/m4-runtime-orchestration.json,767,0511641fc07ef9464a42f4ab08d81750b2449dccba0066f77dda5f0a7d085f3b,data,,,1,,01_CURRENT.zip (Sep 26)
01_CURRENT,JIT_M3_R22/evidence/m4-thin-cell-before.json,31244,70412a501a7f632f702330683e7f230415bf7a35d4e72585c65af7b8c1853cf8,data,,,1,,01_CURRENT.zip (Sep 26)
01_CURRENT,JIT_M3_R22/evidence/m4-production-regression.json,31355,1e813724e74b3f46dd11c0b7da2b5ff13d35011664650b8d82a93187008bfd44,data,,,1,,01_CURRENT.zip (Sep 26)
01_CURRENT,JIT_M3_R22/evidence/m3-verification.json,1688,202b0077e9475eabc72bfebd223014bc574f87314c939a43aadfdd52465e1997,data,,,1,,01_CURRENT.zip (Sep 26)
01_CURRENT,JIT_M3_R22/evidence/m4-poseidon-final-shader-checks.json,2720,a473f12f8f7435041ad28d004673e20084e15378ef6a408abb557fadf01322c8,data,,,1,,01_CURRENT.zip (Sep 26)
01_CURRENT,JIT_M3_R22/evidence/m4-shaders.json,72066,3fcd9d928ee88a0e8acf29a6869fd0a2d23db99497a1b0005727c9afe24cd937,data,,,1,,01_CURRENT.zip (Sep 26)
01_CURRENT,JIT_M3_R22/evidence/m2-scenarios.json,16161,26156105139c97054d8b7e223de5b034de2a5b74c27a35c527afe9f4383a2555,data,,,1,,01_CURRENT.zip (Sep 26)
01_CURRENT,JIT_M3_R22/evidence/m4-runtime-shaders.json,76471,afef37453f1931e3066af058427fd00d98eab70f1e5d079014cd3423d8218d58,data,,,1,,01_CURRENT.zip (Sep 26)
01_CURRENT,JIT_M3_R22/evidence/lab-physics.json,18357,fde52f075a3387832a722cfe1aea0f17ab73cdccee9c6cb22fb5ce3a233e9a45,data,,,1,,01_CURRENT.zip (Sep 26)
01_CURRENT,JIT_M3_R22/evidence/lab-runtime.json,18586,e8ea5206d480b419e48f9c7a3a2c32e7e5faf889a3fe02670187172a13669792,data,,,1,,01_CURRENT.zip (Sep 26)
01_CURRENT,JIT_M3_R22/evidence/m4-poseidon-repair-receipt.json,1650,e933905825365628f8d8e7b77df0bf0faaa2ccfc26de9777ccdb4ce438ec505d,data,,,1,,01_CURRENT.zip (Sep 26)
01_CURRENT,JIT_M3_R22/evidence/m4-residual-wave-tests.txt,599,8dc30b5a68bc43a2bd4ba485dcd197f382e65c2122ad28f2efcdc1b8a67ee22c,doc,,,1,,01_CURRENT.zip (Sep 26)
01_CURRENT,JIT_M3_R22/evidence/lab-shader-source.json,96922,d591353415240375ec174dddaf45676598df927766b587bd1f9c56d9b589d533,data,,,2,,01_CURRENT.zip (Sep 26)
01_CURRENT,JIT_M3_R22/evidence/m4-thin-cell-after.json,31433,5727c735b9417b45a1afce0dbaa91930879e40b06387f5526b75c70933b0e961,data,,,1,,01_CURRENT.zip (Sep 26)
01_CURRENT,JIT_M3_R22/evidence/lab-runtime.log,423,94915750cb0b72b707f1b38391030242b4ce6cbaf6723ddfd3d7c25aedcf331a,log,,,1,,01_CURRENT.zip (Sep 26)
01_CURRENT,JIT_M3_R22/evidence/m3-runtime-smoke.json,228,5204379d987e7078fe9e3d5eb3b0006aa13f4effb999258cd00ca324fd91ce48,data,,,1,,01_CURRENT.zip (Sep 26)
01_CURRENT,JIT_M3_R22/evidence/foundation-final.tap,12780,5794725fca61c5a22f319c6dfc761c99c896b9d8ae8e9d456e374e6044e36f7b,log,,,1,,01_CURRENT.zip (Sep 26)
01_CURRENT,JIT_M3_R22/evidence/m4-production-regression.log,651,86819fb36326922e232e252ef851f1f01fe8e8913aa17cdc3d95a0fc8596278f,log,,,1,,01_CURRENT.zip (Sep 26)
01_CURRENT,JIT_M3_R22/evidence/r22-shaders.log,235,d7266c4bf0815ad872049321c3c735aeb3fdeee3c18e0c71b709ece42825fba7,log,,,36,,01_CURRENT.zip (Sep 26)
01_CURRENT,JIT_M3_R22/evidence/R8-parent-source.sha256,387,a6e18d3e996c568d5a17cf22d039ecc819b9c0e596045b8302d3cf0839415fc2,other,,,2,,01_CURRENT.zip (Sep 26)
01_CURRENT,JIT_M3_R22/evidence/m4-original-shaders.json,44977,29438c822ba775c023e422a9e7e85dca943213dcd8c0b42eea49ca1befbaf62e,data,,,1,,01_CURRENT.zip (Sep 26)
01_CURRENT,JIT_M3_R22/evidence/m4-poseidon-repair.json,1666,4a3dc971c5eb3e8bf44a14f13057978a801502f792d92bed46e5b134c6bdeb87,data,,,1,,01_CURRENT.zip (Sep 26)
01_CURRENT,JIT_M3_R22/evidence/r22-runtime.log,421,89ee4a8497358526045b68166a025e7c8546e3eecb3310fcca93f080abd8364b,log,,,20,,01_CURRENT.zip (Sep 26)
01_CURRENT,JIT_M3_R22/evidence/m3-benchmark.json,1257,750d51ddec7acad0d8432714b8dfa2ea4df7124ecf613df9c61bc6b0eb87e1b8,data,,,1,,01_CURRENT.zip (Sep 26)
01_CURRENT,JIT_M3_R22/evidence/lab-shaders.json,13004,7abff46986746aea3452daab78f3377cc0bd28ffc2c1d81fddf94bbad630d383,data,,,1,,01_CURRENT.zip (Sep 26)
01_CURRENT,JIT_M3_R22/evidence/setup-status.json,1652,f3275d68602fa32f6be1a1f239bcef8de979fa06cec7db738ebe1b6c6c1fe31e,data,,,1,,01_CURRENT.zip (Sep 26)
01_CURRENT,JIT_M3_R22/evidence/m3-render-benchmark.json,815,aa3bdcfefa5a79b6283e92a9ae670e67db582c785bd09670877d46bfae970d58,data,,,1,,01_CURRENT.zip (Sep 26)
01_CURRENT,JIT_M3_R22/evidence/r22-shaders.json,19121,f19d1b40465a2001fd6fed2a8a55ea377d056d71cbda2ec11b0275c6fe5e23a0,data,,,2,,01_CURRENT.zip (Sep 26)
01_CURRENT,JIT_M3_R22/evidence/r22-all-tests.tap,11247,442f757867fc15cae36cc0519c4cde7bdb1d58745200e4170ae5784c2301e6df,log,,,1,,01_CURRENT.zip (Sep 26)
01_CURRENT,JIT_M3_R22/evidence/m4-runtime-check.log,747,3e686048c5223815ea0722b9a21a8709374b9082adaca08aa46971079f0a75a0,log,,,1,,01_CURRENT.zip (Sep 26)
01_CURRENT,JIT_M3_R22/evidence/m4-residual-wave-evidence.json,14205,dbbf89e42088babac15680406e90606b4e0469bcc57084aca34a9d9cb5aa260b,data,,,1,,01_CURRENT.zip (Sep 26)
01_CURRENT,JIT_M3_R22/evidence/m3-scenarios.json,16527,601d8e8f49b95ae491fd07eeeae982f1d7851d210852571da66a01a4264856e7,data,,,1,,01_CURRENT.zip (Sep 26)
01_CURRENT,JIT_M3_R22/evidence/r15-parent-lab-optics.mjs,24328,a3eab3199b493375f266aa978851a67089156209391220d84a4a0aa53013f744,js,,,1,,01_CURRENT.zip (Sep 26)
01_CURRENT,JIT_M3_R22/evidence/m4-ocean-coupling-receipt.json,372,f51666ac9982cc87260c91c671158801e53532cdd12a4def173bd3719b3986a2,data,,,1,,01_CURRENT.zip (Sep 26)
01_CURRENT,JIT_M3_R22/evidence/m4-original-render-status.json,1098,0c4340225583992800183ca4f68bf6a7edb19bd80968978403bd2208ac3d7252,data,,,1,,01_CURRENT.zip (Sep 26)
01_CURRENT,JIT_M3_R22/evidence/m4-poseidon-shader-checks.json,2874,1115a09e70be71091546d19ff28d089b87e0f674007d551c162899a85f3c0402,data,,,1,,01_CURRENT.zip (Sep 26)
01_CURRENT,JIT_M3_R22/evidence/m4-residual-wave.json,15277,0d44b69146467b8335fe0745ba63f0966c562bb6f05148c1520263d88eff85cc,data,,,1,,01_CURRENT.zip (Sep 26)
01_CURRENT,JIT_M3_R22/evidence/m4-coupling-worker-tests.tap,2004,c3b349450eefd5e5c78591eb35f6d8c1f1aa6d40dceb2af54f70244bdb9c4cfe,log,,,1,,01_CURRENT.zip (Sep 26)
01_CURRENT,JIT_M3_R22/evidence/R7-parent-source.sha256,381,f047664302a66811f317af7b4e122135042251ebbf7735954152e6e99b328607,other,,,1,,01_CURRENT.zip (Sep 26)
01_CURRENT,JIT_M3_R22/evidence/http-boundary.json,461,5840a7135e2ec2e4950cb136f53c14a2d064e85867660e728f6932dd96cf2ab5,data,,,1,,01_CURRENT.zip (Sep 26)
01_CURRENT,JIT_M3_R22/evidence/R6-parent-source.sha256,373,589e5ba732c28c8723c87a0b74f33052815905d1a5cda88a36be97236d3ab4fb,other,,,1,,01_CURRENT.zip (Sep 26)
01_CURRENT,JIT_M3_R22/evidence/capture-r22.py,13937,5b815961f9f8f4f4747801fb5214a09deefaeb05eb00fd2363fadde9fa301287,tool,,,1,,01_CURRENT.zip (Sep 26)
01_CURRENT,JIT_M3_R22/evidence/r9-checkpoint/lab-runtime-repair.log,423,aaa9a89f0af7fb8c8deed5f18c1d6d7ec5689ed689f83315921d3d10df9ea94e,log,,,8,,01_CURRENT.zip (Sep 26)
01_CURRENT,JIT_M3_R22/evidence/r9-checkpoint/underwater-seam-metrics.json,3343,3afb9dce4493075644aafe81d07a2fe60250b8e5efde1a436205ea6a2347be6d,data,,,1,,01_CURRENT.zip (Sep 26)
01_CURRENT,JIT_M3_R22/evidence/r9-checkpoint/lab-shaders-seamfix.log,237,a84eafd0c90ca19989af7ecdb6ee5f5bbcd53adf3b1fed52d0c5379cea616f5e,log,,,2,,01_CURRENT.zip (Sep 26)
01_CURRENT,JIT_M3_R22/evidence/r9-checkpoint/lab-physics.tap,2108,f44442d23a63e7acbace872f7d05eb9d520d8b7a78dbc1babc9673f2fe4c23b3,log,,,1,,01_CURRENT.zip (Sep 26)
01_CURRENT,JIT_M3_R22/evidence/r9-checkpoint/lab-shaders.log,235,d7266c4bf0815ad872049321c3c735aeb3fdeee3c18e0c71b709ece42825fba7,log,,,36,01_CURRENT:JIT_M3_R22/evidence/r22-shaders.log,01_CURRENT.zip (Sep 26)
01_CURRENT,JIT_M3_R22/evidence/r9-checkpoint/spectrum-tests.tap,804,b947ed243fb982b07975bcf56b0a586bf0f1f80867a1b939891c56bdc9dc4c58,log,,,1,,01_CURRENT.zip (Sep 26)
01_CURRENT,JIT_M3_R22/evidence/r9-checkpoint/lab-runtime-seamfix.log,419,858596b738a2874f909354cd2d8432a6cce8c9abcae3463d93cd811c46e3f0f6,log,,,6,,01_CURRENT.zip (Sep 26)
01_CURRENT,JIT_M3_R22/evidence/r9-checkpoint/lab-runtime-opt.log,422,ab844edc41a8d9d44c5a6c232c114fbd3e5f520b99de40d741e33db54c8f524f,log,,,8,,01_CURRENT.zip (Sep 26)
01_CURRENT,JIT_M3_R22/evidence/r9-checkpoint/final-source-sha256.txt,391,29c0f8115f9ae7620d5ad4208b0fd4cc45f34ff12333abda122066b55702cf93,doc,,,1,,01_CURRENT.zip (Sep 26)
01_CURRENT,JIT_M3_R22/evidence/r9-checkpoint/r8-r9-app.diff,13521,4f3644b88c26949b4453c75c84ea19fcb40ef8c6bc5fd88d0d380ffafcabf355,other,,,1,,01_CURRENT.zip (Sep 26)
01_CURRENT,JIT_M3_R22/evidence/r9-checkpoint/spectrum-tests-seamfix.tap,802,dcec886927601c5538c79cf2c425041d047126daa7572b28805f6a77df24d538,log,,,1,,01_CURRENT.zip (Sep 26)
01_CURRENT,JIT_M3_R22/evidence/r9-checkpoint/lab-shaders-opt.json,15740,5fc7c778858dc50d4ce3e771d6adcfba7fb2bca0515e70afc3036bcd1d67fb5e,data,,,1,,01_CURRENT.zip (Sep 26)
01_CURRENT,JIT_M3_R22/evidence/r9-checkpoint/lab-shaders-opt.log,235,d7266c4bf0815ad872049321c3c735aeb3fdeee3c18e0c71b709ece42825fba7,log,,,36,01_CURRENT:JIT_M3_R22/evidence/r22-shaders.log,01_CURRENT.zip (Sep 26)
01_CURRENT,JIT_M3_R22/evidence/r9-checkpoint/lab-runtime.log,421,89ee4a8497358526045b68166a025e7c8546e3eecb3310fcca93f080abd8364b,log,,,20,01_CURRENT:JIT_M3_R22/evidence/r22-runtime.log,01_CURRENT.zip (Sep 26)
01_CURRENT,JIT_M3_R22/evidence/r9-checkpoint/lab-shaders-repair.json,15740,88293fe9fd87f4b272a8f000d6845399187748c000ea263d61263f16b2e06de7,data,,,1,,01_CURRENT.zip (Sep 26)
01_CURRENT,JIT_M3_R22/evidence/r9-checkpoint/lab-shaders.json,15740,d82bace0d0161360d5c7d5ae5f9ecb9ce022ee7f6dcc017875cf6f862c08f4eb,data,,,1,,01_CURRENT.zip (Sep 26)
01_CURRENT,JIT_M3_R22/evidence/r9-checkpoint/lab-shaders-fade.json,15740,36592015ca05afcb618486f033426ede50b91e825e4980579102c91e3b2b8ad7,data,,,1,,01_CURRENT.zip (Sep 26)
01_CURRENT,JIT_M3_R22/evidence/r9-checkpoint/lab-shader-extract-seamfix.log,36,89dafc883209ab32c6554c013f81b16dcbcacb7e631fb8523b96b051ac1a8e27,log,,,2,,01_CURRENT.zip (Sep 26)
01_CURRENT,JIT_M3_R22/evidence/r9-checkpoint/lab-runtime-fade.log,421,89ee4a8497358526045b68166a025e7c8546e3eecb3310fcca93f080abd8364b,log,,,20,01_CURRENT:JIT_M3_R22/evidence/r22-runtime.log,01_CURRENT.zip (Sep 26)
01_CURRENT,JIT_M3_R22/evidence/r9-checkpoint/lab-physics-seamfix.tap,2110,4e4dcc833646d890c3d2560b31465e1f46ec77bdfc8af4edb40d9c6973d1b6b2,log,,,1,,01_CURRENT.zip (Sep 26)
01_CURRENT,JIT_M3_R22/evidence/r9-checkpoint/lab-shaders-fade.log,235,d7266c4bf0815ad872049321c3c735aeb3fdeee3c18e0c71b709ece42825fba7,log,,,36,01_CURRENT:JIT_M3_R22/evidence/r22-shaders.log,01_CURRENT.zip (Sep 26)
01_CURRENT,JIT_M3_R22/evidence/r9-checkpoint/lab-shaders-repair.log,235,d7266c4bf0815ad872049321c3c735aeb3fdeee3c18e0c71b709ece42825fba7,log,,,36,01_CURRENT:JIT_M3_R22/evidence/r22-shaders.log,01_CURRENT.zip (Sep 26)
01_CURRENT,JIT_M3_R22/evidence/r9-checkpoint/r8-r9-lab-optics.diff,19242,7b19e763d859534b5a9fc9cb22bc39a416126b124d57c9fcc48edcbc7b092e5b,other,,,1,,01_CURRENT.zip (Sep 26)
01_CURRENT,JIT_M3_R22/evidence/r9-checkpoint/renders/open/telemetry.json,947,d4337e00f70f6f23d3f345211de0607cf45a45e42a2d3659359ca65518e66f35,data,,,2,,01_CURRENT.zip (Sep 26)
01_CURRENT,JIT_M3_R22/evidence/r9-checkpoint/renders/underwater/telemetry.json,947,d4337e00f70f6f23d3f345211de0607cf45a45e42a2d3659359ca65518e66f35,data,,,2,01_CURRENT:JIT_M3_R22/evidence/r9-checkpoint/renders/open/telemetry.json,01_CURRENT.zip (Sep 26)
01_CURRENT,JIT_M3_R22/evidence/r9-checkpoint/renders/closed-pool/telemetry.json,948,dde4caa9a9d52bc1d6d620d81e237b00a64ee9b729c277f2d06f5c4b9758e294,data,,,1,,01_CURRENT.zip (Sep 26)
01_CURRENT,JIT_M3_R22/evidence/r11-checkpoint/lab-physics.tap,2110,a7cf8085ad7c8763859ef7f745d0e55561845bac0f0004916d79266a836d6f34,log,,,1,,01_CURRENT.zip (Sep 26)
01_CURRENT,JIT_M3_R22/evidence/r11-checkpoint/lab-shaders.log,235,d7266c4bf0815ad872049321c3c735aeb3fdeee3c18e0c71b709ece42825fba7,log,,,36,01_CURRENT:JIT_M3_R22/evidence/r22-shaders.log,01_CURRENT.zip (Sep 26)
01_CURRENT,JIT_M3_R22/evidence/r11-checkpoint/spectrum-tests.tap,803,5aa587faa0e7a5ea870a398ab2ae91584d41c2fcc229201afa5612f343b2a27e,log,,,1,,01_CURRENT.zip (Sep 26)
01_CURRENT,JIT_M3_R22/evidence/r11-checkpoint/lab-runtime.log,423,aaa9a89f0af7fb8c8deed5f18c1d6d7ec5689ed689f83315921d3d10df9ea94e,log,,,8,01_CURRENT:JIT_M3_R22/evidence/r9-checkpoint/lab-runtime-repair.log,01_CURRENT.zip (Sep 26)
01_CURRENT,JIT_M3_R22/evidence/r11-checkpoint/lab-shaders.json,15743,5504bb272758e9263e5f5de2387875cc7d0f8be30b8acf2c59c095712f7f7ff9,data,,,1,,01_CURRENT.zip (Sep 26)
01_CURRENT,JIT_M3_R22/evidence/r15-checkpoint/spectrum-far.tap,802,6c9c8fa612fbad30c450bb4852b0a564deeba5acfd6fa6d30de13be5ccfa979a,log,,,1,,01_CURRENT.zip (Sep 26)
01_CURRENT,JIT_M3_R22/evidence/r15-checkpoint/lab-physics-far.tap,2109,9747922d87df5ffb2559d0011f0d7e050fc1680a10bc0e427f47987b71eaa092,log,,,1,,01_CURRENT.zip (Sep 26)
01_CURRENT,JIT_M3_R22/evidence/r15-checkpoint/lab-shaders-final.json,15854,65e340a3a4c4773805d53a4c6f30080289cb12c586ddfc05e4418317ae426bd8,data,,,2,,01_CURRENT.zip (Sep 26)
01_CURRENT,JIT_M3_R22/evidence/r15-checkpoint/r14-r15-matched-underwater-metrics.json,3079,1aeaa6a7299b71db117fc393127e11985ef995ebb957c729b914c50b53b47592,data,,,1,,01_CURRENT.zip (Sep 26)
01_CURRENT,JIT_M3_R22/evidence/r15-checkpoint/capture-closed-proof.py,12920,0ed6e18cf3f126b7aaf0a3a6167b443a0a0550efdc50fc2c11cd4a99339a6835,tool,,,1,,01_CURRENT.zip (Sep 26)
01_CURRENT,JIT_M3_R22/evidence/r15-checkpoint/lab-physics.tap,2111,7bf626a01b09e4db160fca258dfd5f00372794872b0413127f81f56530fdaa2b,log,,,1,,01_CURRENT.zip (Sep 26)
01_CURRENT,JIT_M3_R22/evidence/r15-checkpoint/r14-r15-analytic-volume-metrics.json,2372,375ecc6759a56d9063b7065ee9c35401d8eeb0e06e4789b27b039fcda0182069,data,,,1,,01_CURRENT.zip (Sep 26)
01_CURRENT,JIT_M3_R22/evidence/r15-checkpoint/lab-shaders.log,235,d7266c4bf0815ad872049321c3c735aeb3fdeee3c18e0c71b709ece42825fba7,log,,,36,01_CURRENT:JIT_M3_R22/evidence/r22-shaders.log,01_CURRENT.zip (Sep 26)
01_CURRENT,JIT_M3_R22/evidence/r15-checkpoint/SHA256SUMS.txt,15619,b26b3cf0694e389ebf634514cb7ea03434f1c7c6d6ddf8f6d918d4f257fb8fdb,doc,,,1,,01_CURRENT.zip (Sep 26)
01_CURRENT,JIT_M3_R22/evidence/r15-checkpoint/runtime-final.log,422,ab844edc41a8d9d44c5a6c232c114fbd3e5f520b99de40d741e33db54c8f524f,log,,,8,01_CURRENT:JIT_M3_R22/evidence/r9-checkpoint/lab-runtime-opt.log,01_CURRENT.zip (Sep 26)
01_CURRENT,JIT_M3_R22/evidence/r15-checkpoint/spectrum.tap,804,bd25828c45170fe6aca93983363dd856f010abf904644c1273241e3feba39233,log,,,1,,01_CURRENT.zip (Sep 26)
01_CURRENT,JIT_M3_R22/evidence/r15-checkpoint/lab-shaders-final.log,235,d7266c4bf0815ad872049321c3c735aeb3fdeee3c18e0c71b709ece42825fba7,log,,,36,01_CURRENT:JIT_M3_R22/evidence/r22-shaders.log,01_CURRENT.zip (Sep 26)
01_CURRENT,JIT_M3_R22/evidence/r15-checkpoint/lab-optics-r15-rejected-220m.mjs,23921,4ddbfdf883c24054c6bb1a27eeb9156bf13b59f53d31ee1a154c19cbbe416c03,js,,,1,,01_CURRENT.zip (Sep 26)
01_CURRENT,JIT_M3_R22/evidence/r15-checkpoint/R15_VERIFICATION_RECEIPT.json,2803,bb6336a1af42a925e0131d68c8359fefcea47e5b35c57b864a76f0a1cc39f588,data,,,1,,01_CURRENT.zip (Sep 26)
01_CURRENT,JIT_M3_R22/evidence/r15-checkpoint/R14-parent-archive.sha256,133,43cf3ca79e3a974d361293eabca48e5134e64fa03fb30a273f009d822ea5d19c,other,,,1,,01_CURRENT.zip (Sep 26)
01_CURRENT,JIT_M3_R22/evidence/r15-checkpoint/source-files.sha256,217,58a625d0a69bef98ef97149c166a30dd2d48cbb9f12950409ef0f6bd1a59028c,other,,,1,,01_CURRENT.zip (Sep 26)
01_CURRENT,JIT_M3_R22/evidence/r15-checkpoint/closed-underwater-telemetry.json,10550,60a46209f6a95ded30fcd791cb417b1081c121f0d0ee7323550ea65e05ff683b,data,,,1,,01_CURRENT.zip (Sep 26)
01_CURRENT,JIT_M3_R22/evidence/r15-checkpoint/lab-runtime.log,421,89ee4a8497358526045b68166a025e7c8546e3eecb3310fcca93f080abd8364b,log,,,20,01_CURRENT:JIT_M3_R22/evidence/r22-runtime.log,01_CURRENT.zip (Sep 26)
01_CURRENT,JIT_M3_R22/evidence/r15-checkpoint/lab-physics-final.tap,2111,e45bb8a36e6b2417f50d0260878425b312c4f630f1c1ad876b95bc760ddc44ee,log,,,1,,01_CURRENT.zip (Sep 26)
01_CURRENT,JIT_M3_R22/evidence/r15-checkpoint/lab-shaders-far.json,15870,627cea48b9084f9b58c7899db893bc9b4bfe52a9fdfc4759160f595f9f631ef7,data,,,1,,01_CURRENT.zip (Sep 26)
01_CURRENT,JIT_M3_R22/evidence/r15-checkpoint/runtime-far.log,423,aaa9a89f0af7fb8c8deed5f18c1d6d7ec5689ed689f83315921d3d10df9ea94e,log,,,8,01_CURRENT:JIT_M3_R22/evidence/r9-checkpoint/lab-runtime-repair.log,01_CURRENT.zip (Sep 26)
01_CURRENT,JIT_M3_R22/evidence/r15-checkpoint/lab-optics-r15-rejected-far-euler.mjs,24261,56fb838773395890c7ca9c1c712ae54cb942b55397cfe048fba452d219f09784,js,,,1,,01_CURRENT.zip (Sep 26)
01_CURRENT,JIT_M3_R22/evidence/r15-checkpoint/lab-shaders.json,15841,52101eb01a7d8a095c1861bb5929e27173eac2921c763608a1dc7454ced19d71,data,,,1,,01_CURRENT.zip (Sep 26)
01_CURRENT,JIT_M3_R22/evidence/r15-checkpoint/lab-shaders-analytic-volume.json,15854,65e340a3a4c4773805d53a4c6f30080289cb12c586ddfc05e4418317ae426bd8,data,,,2,01_CURRENT:JIT_M3_R22/evidence/r15-checkpoint/lab-shaders-final.json,01_CURRENT.zip (Sep 26)
01_CURRENT,JIT_M3_R22/evidence/r15-checkpoint/lab-shaders-far.log,235,d7266c4bf0815ad872049321c3c735aeb3fdeee3c18e0c71b709ece42825fba7,log,,,36,01_CURRENT:JIT_M3_R22/evidence/r22-shaders.log,01_CURRENT.zip (Sep 26)
01_CURRENT,JIT_M3_R22/evidence/r15-checkpoint/shader-extract.log,587,3db5ae72d9bc42e37d6330a7f3a260cd2a6ea819f836d1356c47ca5baf1b2ec3,log,,,1,,01_CURRENT.zip (Sep 26)
01_CURRENT,JIT_M3_R22/evidence/r15-checkpoint/spectrum-final.tap,803,4409a6c029c3eba244ccb01a02f62926b8a1a077b2fdf5e4cf4f5c0656c9a0cf,log,,,1,,01_CURRENT.zip (Sep 26)
01_CURRENT,JIT_M3_R22/evidence/r15-checkpoint/capture-open-proof.py,12920,64595ce382097628315b03010bf40ea0c1dcf09cdcc652ffed3f953df42ee24a,tool,,,1,,01_CURRENT.zip (Sep 26)
01_CURRENT,JIT_M3_R22/evidence/r15-checkpoint/lab-shaders-analytic-volume.log,235,d7266c4bf0815ad872049321c3c735aeb3fdeee3c18e0c71b709ece42825fba7,log,,,36,01_CURRENT:JIT_M3_R22/evidence/r22-shaders.log,01_CURRENT.zip (Sep 26)
01_CURRENT,JIT_M3_R22/evidence/r15-checkpoint/open-underwater-telemetry.json,10571,0826c5d8f944f2055cc98c3393221b3cbdeed9c346a9b6038eb1b0334453ce38,data,,,1,,01_CURRENT.zip (Sep 26)
01_CURRENT,JIT_M3_R22/evidence/r10-final/lab-physics.tap,2108,409cef2740de95ca15eb6ab8419630e7f5d86c02b2fca3c6889b6827d340b999,log,,,1,,01_CURRENT.zip (Sep 26)
01_CURRENT,JIT_M3_R22/evidence/r10-final/lab-shaders.log,235,d7266c4bf0815ad872049321c3c735aeb3fdeee3c18e0c71b709ece42825fba7,log,,,36,01_CURRENT:JIT_M3_R22/evidence/r22-shaders.log,01_CURRENT.zip (Sep 26)
01_CURRENT,JIT_M3_R22/evidence/r10-final/verification-summary.json,1162,b8d3ac85b81da4c7a3916e28082bddc00f8f3f1316a12b64087a87d775d34849,data,,,1,,01_CURRENT.zip (Sep 26)
01_CURRENT,JIT_M3_R22/evidence/r10-final/spectrum-tests.tap,803,e324b76eb2d239e6b278f329263b06a91f8ab5f58bbff9c062ccf35e73469a40,log,,,1,,01_CURRENT.zip (Sep 26)
01_CURRENT,JIT_M3_R22/evidence/r10-final/final-source-sha256.txt,601,b20e6a0375db699f672eec4a308a03e760fa10f712822ee754e757e0f84d8717,doc,,,1,,01_CURRENT.zip (Sep 26)
01_CURRENT,JIT_M3_R22/evidence/r10-final/lab-runtime.log,423,aaa9a89f0af7fb8c8deed5f18c1d6d7ec5689ed689f83315921d3d10df9ea94e,log,,,8,01_CURRENT:JIT_M3_R22/evidence/r9-checkpoint/lab-runtime-repair.log,01_CURRENT.zip (Sep 26)
01_CURRENT,JIT_M3_R22/evidence/r10-final/lab-shaders.json,15744,888df586f30149c9fad04ec1ae9d40d03f3e8979e151908afb061eb642f02e7c,data,,,1,,01_CURRENT.zip (Sep 26)
01_CURRENT,JIT_M3_R22/evidence/r10-final/r9-r10-lab-optics.diff,12960,52f8b89bf7c5da46a72ca3498dca2073a7e2ae825f127386608f56d5fc8a7308,other,,,1,,01_CURRENT.zip (Sep 26)
01_CURRENT,JIT_M3_R22/evidence/r10-final/renders/open/telemetry.json,951,a5ff581f0f1968df0d04a3510f6d5443056732a6c70703ce7a837076cae55381,data,,,2,,01_CURRENT.zip (Sep 26)
01_CURRENT,JIT_M3_R22/evidence/r10-final/renders/underwater/telemetry.json,951,a5ff581f0f1968df0d04a3510f6d5443056732a6c70703ce7a837076cae55381,data,,,2,01_CURRENT:JIT_M3_R22/evidence/r10-final/renders/open/telemetry.json,01_CURRENT.zip (Sep 26)
01_CURRENT,JIT_M3_R22/evidence/r10-final/renders/closed-pool/telemetry.json,952,9b4a5c564f9b68cc3105d475d6f632df3d825b3f1a0b249d62fc08ff95a2e24f,data,,,2,,01_CURRENT.zip (Sep 26)
01_CURRENT,JIT_M3_R22/evidence/r10-final/diagnostics/closed-caustic0-telemetry.json,952,9b4a5c564f9b68cc3105d475d6f632df3d825b3f1a0b249d62fc08ff95a2e24f,data,,,2,01_CURRENT:JIT_M3_R22/evidence/r10-final/renders/closed-pool/telemetry.json,01_CURRENT.zip (Sep 26)
01_CURRENT,JIT_M3_R22/evidence/r10-final/diagnostics/caustic-delta.json,401,e7c69a61e391214db8cac387228f3c3755a7544ae255c146bc0ede1d18ea3b8f,data,,,1,,01_CURRENT.zip (Sep 26)
01_CURRENT,JIT_M3_R22/evidence/r14-checkpoint/lab-runtime-final.log,422,ab844edc41a8d9d44c5a6c232c114fbd3e5f520b99de40d741e33db54c8f524f,log,,,8,01_CURRENT:JIT_M3_R22/evidence/r9-checkpoint/lab-runtime-opt.log,01_CURRENT.zip (Sep 26)
01_CURRENT,JIT_M3_R22/evidence/r14-checkpoint/r14-receiver-horizon-metrics.json,5679,e54a956fbe948f40522876b1e91be208f1c226f4ec6a62a236ee7d402a1e3fc3,data,,,1,,01_CURRENT.zip (Sep 26)
01_CURRENT,JIT_M3_R22/evidence/r14-checkpoint/lab-physics.tap,2108,5738f2eb12b26e28a40ff07b8f705ae58e017025eae34756cceeac1f1d76c604,log,,,1,,01_CURRENT.zip (Sep 26)
01_CURRENT,JIT_M3_R22/evidence/r14-checkpoint/lab-shaders.log,235,d7266c4bf0815ad872049321c3c735aeb3fdeee3c18e0c71b709ece42825fba7,log,,,36,01_CURRENT:JIT_M3_R22/evidence/r22-shaders.log,01_CURRENT.zip (Sep 26)
01_CURRENT,JIT_M3_R22/evidence/r14-checkpoint/spectrum.tap,804,3d766aacc0f07bfeb151ca69710cc874ae5719dd91535dab88a0f1eb10e336b2,log,,,1,,01_CURRENT.zip (Sep 26)
01_CURRENT,JIT_M3_R22/evidence/r14-checkpoint/lab-shader-source.json,92456,7d07cf20645ae292380d72b4ea93cf312b1f8a2bf09e2ba7d5337631eb0d6cbf,data,,,1,,01_CURRENT.zip (Sep 26)
01_CURRENT,JIT_M3_R22/evidence/r14-checkpoint/lab-runtime.log,422,ab844edc41a8d9d44c5a6c232c114fbd3e5f520b99de40d741e33db54c8f524f,log,,,8,01_CURRENT:JIT_M3_R22/evidence/r9-checkpoint/lab-runtime-opt.log,01_CURRENT.zip (Sep 26)
01_CURRENT,JIT_M3_R22/evidence/r14-checkpoint/lab-physics-final.tap,2111,18662866b0214ff89d1b82fb2616b354668e09613be91cf5486fd65d8d6e0f77,log,,,1,,01_CURRENT.zip (Sep 26)
01_CURRENT,JIT_M3_R22/evidence/r14-checkpoint/lab-shaders.json,15932,1152d163d339e789d6d0f4d02b34ce71efaa1fa809bf49984fe0fa3435dc96da,data,,,1,,01_CURRENT.zip (Sep 26)
01_CURRENT,JIT_M3_R22/evidence/r14-checkpoint/spectrum-final.tap,803,e0f4ca594c814a21a722a00efcb1c571daa5e088401cc970d6913f2e630adbd9,log,,,1,,01_CURRENT.zip (Sep 26)
01_CURRENT,JIT_M3_R22/evidence/r14-checkpoint/renders/gl-telemetry.json,8881,899e7acd7500615f44351b0edee568f0e509bafbda57927d8b27c20a63e1997d,data,,,1,,01_CURRENT.zip (Sep 26)
01_CURRENT,JIT_M3_R22/evidence/r14-checkpoint/renders/above-root.json,3551,61bf82c13ce4ea1b1494ea53cac3fc9cf645b9655c2a63670ba5af61cb0260a2,data,,,1,,01_CURRENT.zip (Sep 26)
01_CURRENT,JIT_M3_R22/evidence/r14-checkpoint/renders/chromium.log,4974,35b1b5febf42badc1ec1d22939e6905deda08d7b11ccdf819b9e45dec7e76629,log,,,1,,01_CURRENT.zip (Sep 26)
01_CURRENT,JIT_M3_R22/evidence/r13-checkpoint/lab-physics.tap,2108,1fa23e00edf751966ffa5f08e70c0f9c9c53c1a8afb2954ff1f723f7dc1a870f,log,,,1,,01_CURRENT.zip (Sep 26)
01_CURRENT,JIT_M3_R22/evidence/r13-checkpoint/lab-shaders.log,235,d7266c4bf0815ad872049321c3c735aeb3fdeee3c18e0c71b709ece42825fba7,log,,,36,01_CURRENT:JIT_M3_R22/evidence/r22-shaders.log,01_CURRENT.zip (Sep 26)
01_CURRENT,JIT_M3_R22/evidence/r13-checkpoint/spectrum-tests.tap,802,9ca327c3e18f7937921d76327cc074b2b56cde6102a09166c7eaf40cc554525b,log,,,1,,01_CURRENT.zip (Sep 26)
01_CURRENT,JIT_M3_R22/evidence/r13-checkpoint/lab-runtime.log,422,ab844edc41a8d9d44c5a6c232c114fbd3e5f520b99de40d741e33db54c8f524f,log,,,8,01_CURRENT:JIT_M3_R22/evidence/r9-checkpoint/lab-runtime-opt.log,01_CURRENT.zip (Sep 26)
01_CURRENT,JIT_M3_R22/evidence/r13-checkpoint/lab-shaders.json,15949,a25112977ce69faeb9253687fc75a5aed295bf087ea7d76b28484b54176fd316,data,,,1,,01_CURRENT.zip (Sep 26)
01_CURRENT,JIT_M3_R22/evidence/r3-checkpoint/r2-parent-source-sha256.txt,4939,a822d7def076e75b56f1e4ac9c5e0020e88578a372cd035676a533b1cf6ba202,doc,,,1,,01_CURRENT.zip (Sep 26)
01_CURRENT,JIT_M3_R22/evidence/r3-checkpoint/browser-render-telemetry.json,938,17f2151cb7501cb820ddb5b187e7464c20bf4871ef096b2440855826962fd13e,data,,,1,,01_CURRENT.zip (Sep 26)
01_CURRENT,JIT_M3_R22/evidence/r3-checkpoint/source-sha256.txt,565,2a561044420a3355923a4aee3523c8ce7b483cdb67b82d1d35ffd4eb1b590604,doc,,,1,,01_CURRENT.zip (Sep 26)
01_CURRENT,JIT_M3_R22/evidence/r3-checkpoint/lab-physics.tap,2110,a2c2f2f11f94b5075792345f19335ec97ff0083b7335d75ea7dee90d7ed47dbf,log,,,1,,01_CURRENT.zip (Sep 26)
01_CURRENT,JIT_M3_R22/evidence/r3-checkpoint/lab-shaders.log,235,d7266c4bf0815ad872049321c3c735aeb3fdeee3c18e0c71b709ece42825fba7,log,,,36,01_CURRENT:JIT_M3_R22/evidence/r22-shaders.log,01_CURRENT.zip (Sep 26)
01_CURRENT,JIT_M3_R22/evidence/r3-checkpoint/verification-summary.json,630,f4a0a946c5b5d72ae6cf46b2aa2a8032d44767b5d81fa82a7419bddc0bcf64b8,data,,,1,,01_CURRENT.zip (Sep 26)
01_CURRENT,JIT_M3_R22/evidence/r3-checkpoint/lab-runtime.json,5903,8379a03d2f63e33bac04165d3a916c8275a22b7b19d383bd3569a79700ac172e,data,,,1,,01_CURRENT.zip (Sep 26)
01_CURRENT,JIT_M3_R22/evidence/r3-checkpoint/lab-shader-source.json,48675,503c928429b2445efe9a74a961ae6f1bad7efb61eab5f0bf055421d83095f46d,data,,,1,,01_CURRENT.zip (Sep 26)
01_CURRENT,JIT_M3_R22/evidence/r3-checkpoint/chromium.log,4828,d48d5ccd66b371d5d82f40816da1cb6af5ef3c848726959be8c77e624370691e,log,,,1,,01_CURRENT.zip (Sep 26)
01_CURRENT,JIT_M3_R22/evidence/r3-checkpoint/lab-runtime.log,421,89ee4a8497358526045b68166a025e7c8546e3eecb3310fcca93f080abd8364b,log,,,20,01_CURRENT:JIT_M3_R22/evidence/r22-runtime.log,01_CURRENT.zip (Sep 26)
01_CURRENT,JIT_M3_R22/evidence/r3-checkpoint/browser-ready.json,177,92ead47e1c2b0540355ae3bd6b227eccc44e02db9647272a4cdfcc4fd9f27b79,data,,,1,,01_CURRENT.zip (Sep 26)
01_CURRENT,JIT_M3_R22/evidence/r3-checkpoint/r2-to-r3.diff,18607,3c7bf7dcfa9b449bd3a1c2cdf5d2f1b9b9a36a86522b2bb73b8ca1e27e504cb1,other,,,1,,01_CURRENT.zip (Sep 26)
01_CURRENT,JIT_M3_R22/evidence/r12-checkpoint/lab-physics.tap,2111,956b336352fbd3a141f97eb8a3cc6f800efd77b27fd33f9f37ae65ce5d4bf0ab,log,,,1,,01_CURRENT.zip (Sep 26)
01_CURRENT,JIT_M3_R22/evidence/r12-checkpoint/lab-shaders.log,235,d7266c4bf0815ad872049321c3c735aeb3fdeee3c18e0c71b709ece42825fba7,log,,,36,01_CURRENT:JIT_M3_R22/evidence/r22-shaders.log,01_CURRENT.zip (Sep 26)
01_CURRENT,JIT_M3_R22/evidence/r12-checkpoint/spectrum-tests.tap,804,d80268442dd30fbe58e29c41e15abe65327f6f8012ea7e57deb8feee63c14005,log,,,1,,01_CURRENT.zip (Sep 26)
01_CURRENT,JIT_M3_R22/evidence/r12-checkpoint/lab-runtime.log,421,89ee4a8497358526045b68166a025e7c8546e3eecb3310fcca93f080abd8364b,log,,,20,01_CURRENT:JIT_M3_R22/evidence/r22-runtime.log,01_CURRENT.zip (Sep 26)
01_CURRENT,JIT_M3_R22/evidence/r12-checkpoint/lab-shaders.json,15937,bc94781e899c487bbaa78431db6d52dd3282c390d5f88c10d9d00bc6370585f4,data,,,1,,01_CURRENT.zip (Sep 26)
01_CURRENT,JIT_M3_R22/evidence/r11-final/verification-summary.json,1358,d70bfc961e438cfa375c49a14c7b324d0504b78814f735b7f8af24450be00896,data,,,1,,01_CURRENT.zip (Sep 26)
01_CURRENT,JIT_M3_R22/evidence/r11-final/r10-r11-lab-optics.diff,9234,131d149f6d7e33596cf8560b4c4f349d03ff94dbd5aae59e0248b787a0a80d32,other,,,1,,01_CURRENT.zip (Sep 26)
01_CURRENT,JIT_M3_R22/evidence/r11-final/final-source-sha256.txt,598,19ecdd0f1b46bfff8586ba216630ac515209307d275b7eb190f025d95aa14012,doc,,,1,,01_CURRENT.zip (Sep 26)
01_CURRENT,JIT_M3_R22/evidence/r11-final/renders/open/telemetry.json,950,22f65fe38f643ef22fd41c16169381afcd33ab2ef57684d4c9cb8a092fa37e6d,data,,,2,,01_CURRENT.zip (Sep 26)
01_CURRENT,JIT_M3_R22/evidence/r11-final/renders/underwater/telemetry.json,950,22f65fe38f643ef22fd41c16169381afcd33ab2ef57684d4c9cb8a092fa37e6d,data,,,2,01_CURRENT:JIT_M3_R22/evidence/r11-final/renders/open/telemetry.json,01_CURRENT.zip (Sep 26)
01_CURRENT,JIT_M3_R22/evidence/r11-final/renders/closed-pool/telemetry.json,951,ec5b41ca1fea415621452aec251b2abd30488d5484672225bcd3d0cc94514ce9,data,,,1,,01_CURRENT.zip (Sep 26)
01_CURRENT,JIT_M3_R22/evidence/r11-final/diagnostics/redistribution-metrics.json,789,902b035c47e2a8bc8d19b8dfe586c9e67ee390733c2cb4ab85f40a46935d90a7,data,,,1,,01_CURRENT.zip (Sep 26)
01_CURRENT,JIT_M3_R22/evidence/r4-checkpoint/lab-shader-source-post.json,53421,5ef62be6db0f385fe328b383cd213c83c9d0a7f39b05b5859dfda0f29839f451,data,,,1,,01_CURRENT.zip (Sep 26)
01_CURRENT,JIT_M3_R22/evidence/r4-checkpoint/lab-runtime-post.log,421,89ee4a8497358526045b68166a025e7c8546e3eecb3310fcca93f080abd8364b,log,,,20,01_CURRENT:JIT_M3_R22/evidence/r22-runtime.log,01_CURRENT.zip (Sep 26)
01_CURRENT,JIT_M3_R22/evidence/r4-checkpoint/lab-physics.tap,2111,5f9914ca4e182d4b9deec4c112be08cf636abe64bdb7e58a7da2011538c04b70,log,,,1,,01_CURRENT.zip (Sep 26)
01_CURRENT,JIT_M3_R22/evidence/r4-checkpoint/lab-shaders.log,235,d7266c4bf0815ad872049321c3c735aeb3fdeee3c18e0c71b709ece42825fba7,log,,,36,01_CURRENT:JIT_M3_R22/evidence/r22-shaders.log,01_CURRENT.zip (Sep 26)
01_CURRENT,JIT_M3_R22/evidence/r4-checkpoint/lab-shaders-post.log,235,d7266c4bf0815ad872049321c3c735aeb3fdeee3c18e0c71b709ece42825fba7,log,,,36,01_CURRENT:JIT_M3_R22/evidence/r22-shaders.log,01_CURRENT.zip (Sep 26)
01_CURRENT,JIT_M3_R22/evidence/r4-checkpoint/lab-runtime.json,5909,0b6fd2fb62a40dfd1c4e8ddfd21afad56be8d5821a9247eee0ace8ccb53940d9,data,,,1,,01_CURRENT.zip (Sep 26)
01_CURRENT,JIT_M3_R22/evidence/r4-checkpoint/lab-shader-source.json,53421,29946aa4be93fd49519e22ba718b2a868080f854f0107142a592aae431174a8e,data,,,1,,01_CURRENT.zip (Sep 26)
01_CURRENT,JIT_M3_R22/evidence/r4-checkpoint/public-developer-lab-sha256.txt,2499,29fae067441937d0868b2cf8b6452404f77a8de14692296e2a4131f1c912bc37,doc,,,1,,01_CURRENT.zip (Sep 26)
01_CURRENT,JIT_M3_R22/evidence/r4-checkpoint/lab-runtime.log,421,89ee4a8497358526045b68166a025e7c8546e3eecb3310fcca93f080abd8364b,log,,,20,01_CURRENT:JIT_M3_R22/evidence/r22-runtime.log,01_CURRENT.zip (Sep 26)
01_CURRENT,JIT_M3_R22/evidence/r4-checkpoint/lab-physics-post.tap,2111,37800de6deed89e01c1234726d7ca7854d14215631987b141113dc9ea58c2edb,log,,,1,,01_CURRENT.zip (Sep 26)
01_CURRENT,JIT_M3_R22/evidence/r4-checkpoint/r3-parent-archive-sha256.txt,131,fd9532ea3d33be3a21ba6c40212cc08c6a7145611f115d79b059701e8ebaf6a4,doc,,,1,,01_CURRENT.zip (Sep 26)
01_CURRENT,JIT_M3_R22/evidence/r4-checkpoint/underwater-verified/telemetry.json,944,bbdbfc2fd785453b5612cc0787eea2cfe1ab9c9956d093b09506404fecfafe38,data,,,1,,01_CURRENT.zip (Sep 26)
01_CURRENT,JIT_M3_R22/evidence/r4-checkpoint/underwater-verified/chromium.log,4880,c5f09342adb9863181a02fdaec551e4e4edf75a88ac79b67dd1952a7430609d2,log,,,1,,01_CURRENT.zip (Sep 26)
01_CURRENT,JIT_M3_R22/evidence/r4-checkpoint/underwater-verified/ready.json,177,669ebbd071e254e5abbfa29d78eb89fd91068f3f234eab82b034e60848c916da,data,,,3,,01_CURRENT.zip (Sep 26)
01_CURRENT,JIT_M3_R22/evidence/r4-checkpoint/pre-receiver-unification/telemetry.json,944,fa5120bb7caba3852849a4cd76a384ec1d46a7cc8e1784fd129aace7cd502b97,data,,,1,,01_CURRENT.zip (Sep 26)
01_CURRENT,JIT_M3_R22/evidence/r5-checkpoint/lab-runtime-postrepair.log,421,89ee4a8497358526045b68166a025e7c8546e3eecb3310fcca93f080abd8364b,log,,,20,01_CURRENT:JIT_M3_R22/evidence/r22-runtime.log,01_CURRENT.zip (Sep 26)
01_CURRENT,JIT_M3_R22/evidence/r5-checkpoint/lab-runtime-postrepair.json,5911,3a1f13d775c78bdfe32db6a82026e6188440eb17df59057d1f41061b458d28ae,data,,,1,,01_CURRENT.zip (Sep 26)
01_CURRENT,JIT_M3_R22/evidence/r5-checkpoint/lab-shader-source-postperf.json,56865,f19d4648c43d52b7002422d3018d141a4d32869df54f1803f390eb06587e42f6,data,,,1,,01_CURRENT.zip (Sep 26)
01_CURRENT,JIT_M3_R22/evidence/r5-checkpoint/lab-physics.tap,2108,770eb1d4bc3f3dde126fc0c27c67a44f0abbb1ff684b7c644900fad281e7527a,log,,,1,,01_CURRENT.zip (Sep 26)
01_CURRENT,JIT_M3_R22/evidence/r5-checkpoint/lab-runtime-postperf.log,421,89ee4a8497358526045b68166a025e7c8546e3eecb3310fcca93f080abd8364b,log,,,20,01_CURRENT:JIT_M3_R22/evidence/r22-runtime.log,01_CURRENT.zip (Sep 26)
01_CURRENT,JIT_M3_R22/evidence/r5-checkpoint/lab-shaders.log,235,d7266c4bf0815ad872049321c3c735aeb3fdeee3c18e0c71b709ece42825fba7,log,,,36,01_CURRENT:JIT_M3_R22/evidence/r22-shaders.log,01_CURRENT.zip (Sep 26)
01_CURRENT,JIT_M3_R22/evidence/r5-checkpoint/verification-summary.json,667,7e15ebb2c93b220c63f8a5baf36a058ca2a4aef127ba347fd95f62ac68efb535,data,,,1,,01_CURRENT.zip (Sep 26)
01_CURRENT,JIT_M3_R22/evidence/r5-checkpoint/lab-runtime.json,5912,dcc280225e439705864015ff15f02e9983f1513894178604f8ce9e92142b36e3,data,,,1,,01_CURRENT.zip (Sep 26)
01_CURRENT,JIT_M3_R22/evidence/r5-checkpoint/lab-shader-source.json,55053,4a336fe9148586f6b42b3cefc0b692b8ed662edfebd881764b9e8504f0074214,data,,,1,,01_CURRENT.zip (Sep 26)
01_CURRENT,JIT_M3_R22/evidence/r5-checkpoint/lab-shaders-postperf.json,14554,dcb1fce68d412c04988090458bae39af56020714069f878ba9569704a3ef625a,data,,,1,,01_CURRENT.zip (Sep 26)
01_CURRENT,JIT_M3_R22/evidence/r5-checkpoint/public-developer-lab-sha256.txt,2512,59044f51cb0a0b8a7331e6a431bf16a3cdff49de4863478e78548813c671063b,doc,,,1,,01_CURRENT.zip (Sep 26)
01_CURRENT,JIT_M3_R22/evidence/r5-checkpoint/lab-runtime.log,421,89ee4a8497358526045b68166a025e7c8546e3eecb3310fcca93f080abd8364b,log,,,20,01_CURRENT:JIT_M3_R22/evidence/r22-runtime.log,01_CURRENT.zip (Sep 26)
01_CURRENT,JIT_M3_R22/evidence/r5-checkpoint/lab-shaders-postperf.log,235,d7266c4bf0815ad872049321c3c735aeb3fdeee3c18e0c71b709ece42825fba7,log,,,36,01_CURRENT:JIT_M3_R22/evidence/r22-shaders.log,01_CURRENT.zip (Sep 26)
01_CURRENT,JIT_M3_R22/evidence/r5-checkpoint/lab-shader-source-postrepair.json,56860,b626650df2e573a9ad695328524c2063d111995cb84f70052d7286da22065e33,data,,,1,,01_CURRENT.zip (Sep 26)
01_CURRENT,JIT_M3_R22/evidence/r5-checkpoint/lab-shaders.json,14554,e57029c25ae382d9a0d912fab9c52bdbe5a7ec1daaae5ad8c096d1c2726042cb,data,,,1,,01_CURRENT.zip (Sep 26)
01_CURRENT,JIT_M3_R22/evidence/r5-checkpoint/lab-physics-postrepair.tap,2110,e4e89ace7914abe897a6187e107a156f8579ba2bdc6b4e7bcb570b2d0cd618fe,log,,,1,,01_CURRENT.zip (Sep 26)
01_CURRENT,JIT_M3_R22/evidence/r5-checkpoint/lab-shaders-postrepair.json,14554,4830c9d44b4c95d8a9461e3a48031fe338340b678488c4b19845f74057c5b5ac,data,,,1,,01_CURRENT.zip (Sep 26)
01_CURRENT,JIT_M3_R22/evidence/r5-checkpoint/lab-shaders-postrepair.log,235,d7266c4bf0815ad872049321c3c735aeb3fdeee3c18e0c71b709ece42825fba7,log,,,36,01_CURRENT:JIT_M3_R22/evidence/r22-shaders.log,01_CURRENT.zip (Sep 26)
01_CURRENT,JIT_M3_R22/evidence/r5-checkpoint/first-browser-failure/telemetry.json,745,19e7411072971e4d36d9e76af7788f58878f094ca2e0bbf9a4510718af54ba40,data,,,1,,01_CURRENT.zip (Sep 26)
01_CURRENT,JIT_M3_R22/evidence/r5-checkpoint/first-browser-failure/chromium.log,5460,4478ab1f6f8fda1889965583374917afd6def54c3b66a605ed5fcb7b0aea0a99,log,,,1,,01_CURRENT.zip (Sep 26)
01_CURRENT,JIT_M3_R22/evidence/r5-checkpoint/first-browser-failure/classification.txt,623,dbb1a4fa586900b5a49efdf1d0cb6b0153261018d15dcd8126fec882212c1a37,doc,,,1,,01_CURRENT.zip (Sep 26)
01_CURRENT,JIT_M3_R22/evidence/r5-checkpoint/first-browser-failure/ready.json,177,6764f8528a49244f5c398106fc053a1fc36e673cc93c8f620b348974ff3c907d,data,,,1,,01_CURRENT.zip (Sep 26)
01_CURRENT,JIT_M3_R22/evidence/r5-checkpoint/final-browser/telemetry.json,945,007e6f468e75e111be05ba282f414ee3215452daa130a3c45bd2533f5b38c1cd,data,,,1,,01_CURRENT.zip (Sep 26)
01_CURRENT,JIT_M3_R22/evidence/r5-checkpoint/final-browser/camera-present.json,121,c16bc3a1f39eb72dcfbeb63650f2c7a83d32ad4e893d7d4c2467be8b2d90d163,data,,,1,,01_CURRENT.zip (Sep 26)
01_CURRENT,JIT_M3_R22/evidence/r5-checkpoint/final-browser/chromium.log,4880,356959b00e5e41e6a03ede97070020192c4d343c6adc36798e4b0360dbc6fcd9,log,,,1,,01_CURRENT.zip (Sep 26)
01_CURRENT,JIT_M3_R22/evidence/r5-checkpoint/final-browser/camera-below.json,50,52010346f23b7d30d153c4f0e9d6e9b52897f30068ca1543bf177390447da75c,data,,,2,,01_CURRENT.zip (Sep 26)
01_CURRENT,JIT_M3_R22/evidence/r5-checkpoint/final-browser/ready.json,177,669ebbd071e254e5abbfa29d78eb89fd91068f3f234eab82b034e60848c916da,data,,,3,01_CURRENT:JIT_M3_R22/evidence/r4-checkpoint/underwater-verified/ready.json,01_CURRENT.zip (Sep 26)
01_CURRENT,JIT_M3_R22/evidence/r5-checkpoint/final-browser/camera-above.json,47,674e73e33e996d23072b7353381fddabc97d1a16636ff8866f356ba5d202e97e,data,,,2,,01_CURRENT.zip (Sep 26)
01_CURRENT,JIT_M3_R22/evidence/r12-final/r11-r12-lab-optics.diff,7233,960030f12d17984dec931191bb8292737dcd4ffb4899b0fd02b6553a0a138d56,other,,,1,,01_CURRENT.zip (Sep 26)
01_CURRENT,JIT_M3_R22/evidence/r12-final/verification-summary.json,957,9a12f3c9770884905d0a915be759bd7343a42f3e11980242845b8dc290dbeb16,data,,,1,,01_CURRENT.zip (Sep 26)
01_CURRENT,JIT_M3_R22/evidence/r12-final/final-source-sha256.txt,586,6ce8b1d1461f3f6084b5736088372b7a925dd8c419ac4d36806876e44cb8c2c6,doc,,,1,,01_CURRENT.zip (Sep 26)
01_CURRENT,JIT_M3_R22/evidence/r12-final/renders/open/telemetry.json,946,b23e285837a5e8dbdcd67808d0bd8cc9e11723f72d2e61fb994a9527b4ec47e5,data,,,2,,01_CURRENT.zip (Sep 26)
01_CURRENT,JIT_M3_R22/evidence/r12-final/renders/underwater/telemetry.json,946,b23e285837a5e8dbdcd67808d0bd8cc9e11723f72d2e61fb994a9527b4ec47e5,data,,,2,01_CURRENT:JIT_M3_R22/evidence/r12-final/renders/open/telemetry.json,01_CURRENT.zip (Sep 26)
01_CURRENT,JIT_M3_R22/evidence/r12-final/renders/closed-pool/telemetry.json,947,fc03fec69bb804889075a2d046ba7bd1e5d47d3eef6d88194f550f4816fd6852,data,,,1,,01_CURRENT.zip (Sep 26)
01_CURRENT,JIT_M3_R22/evidence/r12-final/diagnostics/caustic-spatial-spectrum.json,408,cae95c0c24094cd0d3193749ba6f34a274b9ed43f301c6db6d49b454425da8fc,data,,,1,,01_CURRENT.zip (Sep 26)
01_CURRENT,JIT_M3_R22/evidence/r2-checkpoint/r1-to-r2.diff,36393,157d5cd561e16e0a2d152053cf612c1f696803ad86eb7e3d33a2f3b130839aa7,other,,,1,,01_CURRENT.zip (Sep 26)
01_CURRENT,JIT_M3_R22/evidence/r2-checkpoint/first-r2-failed-render.log,5333,b4a18ff7174bc38512b6db9f9a332fe36ec1e4ef31d386c3f2ff8ba5a64673bd,log,,,1,,01_CURRENT.zip (Sep 26)
01_CURRENT,JIT_M3_R22/evidence/r2-checkpoint/r2-default-success-render.log,5348,94f5c56d5f72aaf198fe0ad9d87b70da0fe9b09521fc1e51ba567f29e0a7dfcf,log,,,1,,01_CURRENT.zip (Sep 26)
01_CURRENT,JIT_M3_R22/evidence/r2-checkpoint/baseline-render-telemetry.json,1479,46225159caf7943d054cc2fc94acc10f9e9ffc8fd5098a46387136760de95655,data,,,1,,01_CURRENT.zip (Sep 26)
01_CURRENT,JIT_M3_R22/evidence/r2-checkpoint/source-sha256.txt,35662,7b323c9e82244aa182860310a0b9f42d80673a195327237bc056ee286fa581f3,doc,,,1,,01_CURRENT.zip (Sep 26)
01_CURRENT,JIT_M3_R22/evidence/r2-checkpoint/lab-physics.tap,2109,76193b9017648d129a8ef3bc4197f803f30a7d09846d651b87d1434459cc7bfc,log,,,1,,01_CURRENT.zip (Sep 26)
01_CURRENT,JIT_M3_R22/evidence/r2-checkpoint/lab-shaders.log,235,d7266c4bf0815ad872049321c3c735aeb3fdeee3c18e0c71b709ece42825fba7,log,,,36,01_CURRENT:JIT_M3_R22/evidence/r22-shaders.log,01_CURRENT.zip (Sep 26)
01_CURRENT,JIT_M3_R22/evidence/r2-checkpoint/verification-summary.json,794,92ae899abc6f4810142c63cd37b8d78403186aec0e0358e6d8685f46c4121db5,data,,,1,,01_CURRENT.zip (Sep 26)
01_CURRENT,JIT_M3_R22/evidence/r2-checkpoint/webgl2-environment-probe.json,418,2bb8482679c680ee8cc8fe2dd2e3e3cf3efae9a6dfa75365f52132c4b8574cf3,data,,,1,,01_CURRENT.zip (Sep 26)
01_CURRENT,JIT_M3_R22/evidence/r2-checkpoint/lab-runtime.json,421,89ee4a8497358526045b68166a025e7c8546e3eecb3310fcca93f080abd8364b,data,,,20,01_CURRENT:JIT_M3_R22/evidence/r22-runtime.log,01_CURRENT.zip (Sep 26)
01_CURRENT,JIT_M3_R22/evidence/r2-checkpoint/r2-render-telemetry.json,1737,8ea5d0f1285169966933d63cb20d53bf136edec019ed33eba600351a595354c6,data,,,1,,01_CURRENT.zip (Sep 26)
01_CURRENT,JIT_M3_R22/evidence/r2-checkpoint/r2-open-success-render.log,5643,9a43ec28e704246925c909be882b65742022790e6979c5129370248637932c9f,log,,,1,,01_CURRENT.zip (Sep 26)
01_CURRENT,JIT_M3_R22/evidence/r2-checkpoint/lab-shaders.json,14441,39a9b1c01273865b4a2eaa4255c2db747782846a6938b4299c16cb71c9b04b0f,data,,,1,,01_CURRENT.zip (Sep 26)
01_CURRENT,JIT_M3_R22/evidence/r2-checkpoint/prebranch-m3-m41-regression.tap,8525,6cce2bbb5029807fc65d668967f568b595695c82adb94280423e24c16196cc49,log,,,1,,01_CURRENT.zip (Sep 26)
01_CURRENT,JIT_M3_R22/evidence/r2-checkpoint/input-archive-sha256.txt,651,be29e0c2048fd20877cb19f9283ef6e06cc499ef4a39dd7161a2e96b38c4d454,doc,,,1,,01_CURRENT.zip (Sep 26)
01_CURRENT,JIT_M3_R22/evidence/r8-checkpoint/lab-physics.tap,2111,28bd4e423404cccbf045e4c44d0e8c6c29f6835f036996fa67c3578de9119a00,log,,,1,,01_CURRENT.zip (Sep 26)
01_CURRENT,JIT_M3_R22/evidence/r8-checkpoint/lab-shaders.log,235,d7266c4bf0815ad872049321c3c735aeb3fdeee3c18e0c71b709ece42825fba7,log,,,36,01_CURRENT:JIT_M3_R22/evidence/r22-shaders.log,01_CURRENT.zip (Sep 26)
01_CURRENT,JIT_M3_R22/evidence/r8-checkpoint/browser-telemetry.json,945,54357215986487f324d29fb662d9326a63c6527c201b76a3802af33f03093fdf,data,,,2,,01_CURRENT.zip (Sep 26)
01_CURRENT,JIT_M3_R22/evidence/r8-checkpoint/spectrum-tests.tap,804,6f897fc0adadebb31d87f032455c2999964f3a5d2f76a734e89523e9286e2f5a,log,,,1,,01_CURRENT.zip (Sep 26)
01_CURRENT,JIT_M3_R22/evidence/r8-checkpoint/underwater-telemetry.json,945,54357215986487f324d29fb662d9326a63c6527c201b76a3802af33f03093fdf,data,,,2,01_CURRENT:JIT_M3_R22/evidence/r8-checkpoint/browser-telemetry.json,01_CURRENT.zip (Sep 26)
01_CURRENT,JIT_M3_R22/evidence/r8-checkpoint/lab-runtime.log,423,aaa9a89f0af7fb8c8deed5f18c1d6d7ec5689ed689f83315921d3d10df9ea94e,log,,,8,01_CURRENT:JIT_M3_R22/evidence/r9-checkpoint/lab-runtime-repair.log,01_CURRENT.zip (Sep 26)
01_CURRENT,JIT_M3_R22/evidence/r8-checkpoint/lab-shaders.json,15156,9e3fc65ac9a27e6764b8a26e1c956830e80d120b57c204c5de74524e236410db,data,,,1,,01_CURRENT.zip (Sep 26)
01_CURRENT,JIT_M3_R22/evidence/r8-checkpoint/source.sha256,387,a6e18d3e996c568d5a17cf22d039ecc819b9c0e596045b8302d3cf0839415fc2,other,,,2,01_CURRENT:JIT_M3_R22/evidence/R8-parent-source.sha256,01_CURRENT.zip (Sep 26)
01_CURRENT,JIT_M3_R22/evidence/r16-checkpoint/lab-runtime-final.log,423,aaa9a89f0af7fb8c8deed5f18c1d6d7ec5689ed689f83315921d3d10df9ea94e,log,,,8,01_CURRENT:JIT_M3_R22/evidence/r9-checkpoint/lab-runtime-repair.log,01_CURRENT.zip (Sep 26)
01_CURRENT,JIT_M3_R22/evidence/r16-checkpoint/lab-shaders-freeze.json,11877,c34e3526bbfa2d142d7f9300c29c88bc97974afa35bc79b48f174c7c11243f82,data,,,2,,01_CURRENT.zip (Sep 26)
01_CURRENT,JIT_M3_R22/evidence/r16-checkpoint/lab-shaders-final.json,11877,c34e3526bbfa2d142d7f9300c29c88bc97974afa35bc79b48f174c7c11243f82,data,,,2,01_CURRENT:JIT_M3_R22/evidence/r16-checkpoint/lab-shaders-freeze.json,01_CURRENT.zip (Sep 26)
01_CURRENT,JIT_M3_R22/evidence/r16-checkpoint/lab-optics-before-directional-rebalance.mjs,26462,32a9fe73f069357c18abc1d90f343f65f85a5d4305f64e062937913369b6151a,js,,,1,,01_CURRENT.zip (Sep 26)
01_CURRENT,JIT_M3_R22/evidence/r16-checkpoint/lab-physics.tap,2109,df130f21901592a713064ba9f39a34ae3e822ee8010108bf83e9671b2c803a49,log,,,1,,01_CURRENT.zip (Sep 26)
01_CURRENT,JIT_M3_R22/evidence/r16-checkpoint/spectrum-tests-final.tap,1231,e2e0d33a14e41a182591335441b79062397d23d4e2c7b72c96c15dc0f4f2ae3c,log,,,1,,01_CURRENT.zip (Sep 26)
01_CURRENT,JIT_M3_R22/evidence/r16-checkpoint/lab-physics-freeze.tap,2110,e4e8b781e50d47819cdc7e91df9b8fe85d2a8b5b6d0f92f7e53664d9ef447fe2,log,,,1,,01_CURRENT.zip (Sep 26)
01_CURRENT,JIT_M3_R22/evidence/r16-checkpoint/lab-shaders.log,233,381a2e02773e1c3eb6c589b1b0b6dd6030b7d06cc0eaff8aa28c4700e6ac8cce,log,,,3,,01_CURRENT.zip (Sep 26)
01_CURRENT,JIT_M3_R22/evidence/r16-checkpoint/SHA256SUMS.txt,8119,6069096a7d50c1e875c3d5372aff1398c8b2fcddf4583e6b907bc80ef92c6f7a,doc,,,1,,01_CURRENT.zip (Sep 26)
01_CURRENT,JIT_M3_R22/evidence/r16-checkpoint/spectrum-tests.tap,1232,a5d834516c7f557eeb46f4cab00815f2a8727adf8f4e9717d0ab05d7980a2e77,log,,,1,,01_CURRENT.zip (Sep 26)
01_CURRENT,JIT_M3_R22/evidence/r16-checkpoint/lab-shaders-final.log,233,381a2e02773e1c3eb6c589b1b0b6dd6030b7d06cc0eaff8aa28c4700e6ac8cce,log,,,3,01_CURRENT:JIT_M3_R22/evidence/r16-checkpoint/lab-shaders.log,01_CURRENT.zip (Sep 26)
01_CURRENT,JIT_M3_R22/evidence/r16-checkpoint/R16_VERIFICATION_RECEIPT.json,2446,2afd84eb99f2c1d31eeef78613feb9328b86eaad8e7e37e1cd12bcb098666569,data,,,1,,01_CURRENT.zip (Sep 26)
01_CURRENT,JIT_M3_R22/evidence/r16-checkpoint/lab-shaders-freeze.log,233,381a2e02773e1c3eb6c589b1b0b6dd6030b7d06cc0eaff8aa28c4700e6ac8cce,log,,,3,01_CURRENT:JIT_M3_R22/evidence/r16-checkpoint/lab-shaders.log,01_CURRENT.zip (Sep 26)
01_CURRENT,JIT_M3_R22/evidence/r16-checkpoint/source-files.sha256,519,37588487aa8f23658864ca3b1c67daeb64323dab44caa406b3efd2de9975c660,other,,,1,,01_CURRENT.zip (Sep 26)
01_CURRENT,JIT_M3_R22/evidence/r16-checkpoint/lab-runtime.log,419,858596b738a2874f909354cd2d8432a6cce8c9abcae3463d93cd811c46e3f0f6,log,,,6,01_CURRENT:JIT_M3_R22/evidence/r9-checkpoint/lab-runtime-seamfix.log,01_CURRENT.zip (Sep 26)
01_CURRENT,JIT_M3_R22/evidence/r16-checkpoint/lab-physics-final.tap,2111,ea5ac8d549b65acfb9233fac1e9044ee04da25c92f789ad6df9dba93ba8373aa,log,,,1,,01_CURRENT.zip (Sep 26)
01_CURRENT,JIT_M3_R22/evidence/r16-checkpoint/lab-shaders.json,11877,e28fd65b77cbca39328548b745d2e1beac74dfa0b0ca5d1b68b25df779d06e45,data,,,1,,01_CURRENT.zip (Sep 26)
01_CURRENT,JIT_M3_R22/evidence/r16-checkpoint/source-files-final.json,659,63001b0b20c93f81b979033443ac7749c2a7d138aca4d8d89fdd10e53a3dfcfb,data,,,1,,01_CURRENT.zip (Sep 26)
01_CURRENT,JIT_M3_R22/evidence/r16-checkpoint/spectrum-tests-freeze.tap,1232,8e18b6d9514e562e0b8b0c01b4c8651843a4655d82172764cc4a7c0ec33090bf,log,,,1,,01_CURRENT.zip (Sep 26)
01_CURRENT,JIT_M3_R22/evidence/r16-checkpoint/default-spectrum-diagnostics.json,1664,4fed38da62ebcf5d925a318cdc24406232b3e82a639c7591cb370c7e52425029,data,,,1,,01_CURRENT.zip (Sep 26)
01_CURRENT,JIT_M3_R22/evidence/r16-checkpoint/r15-r16-above-metrics.json,1686,6af7ab0e8b397c68bb918a1582593a440996ccc785341c28efd2679cb8fafc81,data,,,1,,01_CURRENT.zip (Sep 26)
01_CURRENT,JIT_M3_R22/evidence/r16-checkpoint/shader-extract-freeze.log,0,e3b0c44298fc1c149afbf4c8996fb92427ae41e4649b934ca495991b7852b855,log,,,5,01_CURRENT:JIT_M3_R22/research/JIT-Splash-M1/evidence/test-stderr.txt,01_CURRENT.zip (Sep 26)
01_CURRENT,JIT_M3_R22/evidence/r16-checkpoint/shader-extract.log,522,1b292ff17abe147ec69c9332c588e71f486b2102089030cc188e050aba62b060,log,,,1,,01_CURRENT.zip (Sep 26)
01_CURRENT,JIT_M3_R22/evidence/r16-checkpoint/capture-open-proof.py,13814,89f7968cdabeaa07e702c7b98aea79bcbe12e35ecc8a03bf8dd465479e9b9fef,tool,,,2,,01_CURRENT.zip (Sep 26)
01_CURRENT,JIT_M3_R22/evidence/r16-checkpoint/lab-runtime-freeze.log,419,858596b738a2874f909354cd2d8432a6cce8c9abcae3463d93cd811c46e3f0f6,log,,,6,01_CURRENT:JIT_M3_R22/evidence/r9-checkpoint/lab-runtime-seamfix.log,01_CURRENT.zip (Sep 26)
01_CURRENT,JIT_M3_R22/evidence/r16-checkpoint/renders/open-above-telemetry.json,10237,6f7b4dbc59cec24ac94f89a7a9968cfc35c6f630ae20622a38fdd56829188dd4,data,,,1,,01_CURRENT.zip (Sep 26)
01_CURRENT,JIT_M3_R22/evidence/r16-checkpoint/renders/open-underwater-telemetry.json,10215,d887c3c08869ab9ea5d18413ef0c2229253d7cf09864b8bc2f8438be89e6b454,data,,,1,,01_CURRENT.zip (Sep 26)
01_CURRENT,JIT_M3_R22/evidence/r6-checkpoint/lab-physics.tap,2110,166df7099b49f138d6e2a218f934cb518c7149f69603f76cd8194c115e37d1e0,log,,,1,,01_CURRENT.zip (Sep 26)
01_CURRENT,JIT_M3_R22/evidence/r6-checkpoint/r5-to-r6.diff,17004,6b1582ee23718319ebba7d9fcf2c2473050c978c60b12d71c32fa120b932beb2,other,,,1,,01_CURRENT.zip (Sep 26)
01_CURRENT,JIT_M3_R22/evidence/r6-checkpoint/lab-shaders.log,235,d7266c4bf0815ad872049321c3c735aeb3fdeee3c18e0c71b709ece42825fba7,log,,,36,01_CURRENT:JIT_M3_R22/evidence/r22-shaders.log,01_CURRENT.zip (Sep 26)
01_CURRENT,JIT_M3_R22/evidence/r6-checkpoint/verification-summary.json,1120,b0375b5484ae2bb0db7c3aa9a72e969a14852d6cca648f475bbdba2ba97b8bed,data,,,1,,01_CURRENT.zip (Sep 26)
01_CURRENT,JIT_M3_R22/evidence/r6-checkpoint/lab-shaders-finalwiring.log,235,d7266c4bf0815ad872049321c3c735aeb3fdeee3c18e0c71b709ece42825fba7,log,,,36,01_CURRENT:JIT_M3_R22/evidence/r22-shaders.log,01_CURRENT.zip (Sep 26)
01_CURRENT,JIT_M3_R22/evidence/r6-checkpoint/lab-shaders-finalwiring.json,14546,6c9bbde4ad84dd2fb040c02c570b4717d06768572c3f55b6dbfe0264e98ee925,data,,,1,,01_CURRENT.zip (Sep 26)
01_CURRENT,JIT_M3_R22/evidence/r6-checkpoint/lab-shaders-postcoherence.json,14546,b67a82f806c1548e1cf333aeef68a8502f027e3e976a6d7c52db2e2ed67d312a,data,,,1,,01_CURRENT.zip (Sep 26)
01_CURRENT,JIT_M3_R22/evidence/r6-checkpoint/lab-runtime.json,5901,cd43f5c4715959d88e56481d6bd0fb1625e43776547d98b56c305ac14d34805e,data,,,1,,01_CURRENT.zip (Sep 26)
01_CURRENT,JIT_M3_R22/evidence/r6-checkpoint/lab-shader-source.json,65840,e81a67e94a9279fa50da6a2a986b86a6ded5eb04461fb55d0172f0cd2602ed2e,data,,,1,,01_CURRENT.zip (Sep 26)
01_CURRENT,JIT_M3_R22/evidence/r6-checkpoint/lab-shader-source-postcoherence.json,66430,f3a72df4f8c0bd42edad22e4e8b3c3ee8864558028b453e4ec9028a85ab47c31,data,,,1,,01_CURRENT.zip (Sep 26)
01_CURRENT,JIT_M3_R22/evidence/r6-checkpoint/public-developer-lab-sha256.txt,2408,3f0c8e84f1bd52477228f115c2f7a8a3399cb7d3d9382bd2d06273b1b6da5f04,doc,,,1,,01_CURRENT.zip (Sep 26)
01_CURRENT,JIT_M3_R22/evidence/r6-checkpoint/lab-runtime.log,421,89ee4a8497358526045b68166a025e7c8546e3eecb3310fcca93f080abd8364b,log,,,20,01_CURRENT:JIT_M3_R22/evidence/r22-runtime.log,01_CURRENT.zip (Sep 26)
01_CURRENT,JIT_M3_R22/evidence/r6-checkpoint/lab-physics-final.tap,2108,9089e858bcf861f4db54868147a149d76f7ea7230742c213eb69ab38005da58a,log,,,1,,01_CURRENT.zip (Sep 26)
01_CURRENT,JIT_M3_R22/evidence/r6-checkpoint/lab-shaders-postcoherence.log,235,d7266c4bf0815ad872049321c3c735aeb3fdeee3c18e0c71b709ece42825fba7,log,,,36,01_CURRENT:JIT_M3_R22/evidence/r22-shaders.log,01_CURRENT.zip (Sep 26)
01_CURRENT,JIT_M3_R22/evidence/r6-checkpoint/lab-shader-source-finalwiring.json,66621,31f5eaca8ce93bea80330cb92ebc894207d44098f8ab5dc1c24bc37e13d89f0c,data,,,1,,01_CURRENT.zip (Sep 26)
01_CURRENT,JIT_M3_R22/evidence/r6-checkpoint/lab-runtime-finalwiring.log,421,89ee4a8497358526045b68166a025e7c8546e3eecb3310fcca93f080abd8364b,log,,,20,01_CURRENT:JIT_M3_R22/evidence/r22-runtime.log,01_CURRENT.zip (Sep 26)
01_CURRENT,JIT_M3_R22/evidence/r6-checkpoint/lab-shaders.json,14546,0d162d1a801cea8db16171cfc27ecf151ee3f8dbc8312727416d5e7e84da2c91,data,,,1,,01_CURRENT.zip (Sep 26)
01_CURRENT,JIT_M3_R22/evidence/r6-checkpoint/lab-runtime-postcoherence.log,421,89ee4a8497358526045b68166a025e7c8546e3eecb3310fcca93f080abd8364b,log,,,20,01_CURRENT:JIT_M3_R22/evidence/r22-runtime.log,01_CURRENT.zip (Sep 26)
01_CURRENT,JIT_M3_R22/evidence/r6-checkpoint/final-browser/telemetry.json,937,d0689be5aae910065fd4030ec50bc6dadfd1d323e8900e631cb8a3c6abf45704,data,,,1,,01_CURRENT.zip (Sep 26)
01_CURRENT,JIT_M3_R22/evidence/r6-checkpoint/final-browser/camera-present.json,121,e7d1e4b28ca6330b191ecb8b189f233ed1126582aeae968d71cee2c7c8fe287b,data,,,1,,01_CURRENT.zip (Sep 26)
01_CURRENT,JIT_M3_R22/evidence/r6-checkpoint/final-browser/chromium.log,4880,9160bdd3766c0d944cc97c78d469d63f197d294348d23373196716546a9adfa1,log,,,1,,01_CURRENT.zip (Sep 26)
01_CURRENT,JIT_M3_R22/evidence/r6-checkpoint/final-browser/camera-below.json,50,52010346f23b7d30d153c4f0e9d6e9b52897f30068ca1543bf177390447da75c,data,,,2,01_CURRENT:JIT_M3_R22/evidence/r5-checkpoint/final-browser/camera-below.json,01_CURRENT.zip (Sep 26)
01_CURRENT,JIT_M3_R22/evidence/r6-checkpoint/final-browser/ready.json,177,669ebbd071e254e5abbfa29d78eb89fd91068f3f234eab82b034e60848c916da,data,,,3,01_CURRENT:JIT_M3_R22/evidence/r4-checkpoint/underwater-verified/ready.json,01_CURRENT.zip (Sep 26)
01_CURRENT,JIT_M3_R22/evidence/r6-checkpoint/final-browser/camera-above.json,47,674e73e33e996d23072b7353381fddabc97d1a16636ff8866f356ba5d202e97e,data,,,2,01_CURRENT:JIT_M3_R22/evidence/r5-checkpoint/final-browser/camera-above.json,01_CURRENT.zip (Sep 26)
01_CURRENT,JIT_M3_R22/evidence/r10-checkpoint/lab-physics.tap,2111,21ca30b92567bdaaae3a4740ef8f9598e7fbfe4f0598a3aaf249f203c8548dc4,log,,,1,,01_CURRENT.zip (Sep 26)
01_CURRENT,JIT_M3_R22/evidence/r10-checkpoint/lab-shaders.log,237,a84eafd0c90ca19989af7ecdb6ee5f5bbcd53adf3b1fed52d0c5379cea616f5e,log,,,2,01_CURRENT:JIT_M3_R22/evidence/r9-checkpoint/lab-shaders-seamfix.log,01_CURRENT.zip (Sep 26)
01_CURRENT,JIT_M3_R22/evidence/r10-checkpoint/spectrum-tests.tap,804,62be4494144ad248dbe6c44e5fa1d9427c44ca99d603cbd54d950a593ccc33be,log,,,1,,01_CURRENT.zip (Sep 26)
01_CURRENT,JIT_M3_R22/evidence/r10-checkpoint/lab-runtime.log,423,aaa9a89f0af7fb8c8deed5f18c1d6d7ec5689ed689f83315921d3d10df9ea94e,log,,,8,01_CURRENT:JIT_M3_R22/evidence/r9-checkpoint/lab-runtime-repair.log,01_CURRENT.zip (Sep 26)
01_CURRENT,JIT_M3_R22/evidence/r10-checkpoint/lab-shader-extract.log,36,89dafc883209ab32c6554c013f81b16dcbcacb7e631fb8523b96b051ac1a8e27,log,,,2,01_CURRENT:JIT_M3_R22/evidence/r9-checkpoint/lab-shader-extract-seamfix.log,01_CURRENT.zip (Sep 26)
01_CURRENT,JIT_M3_R22/evidence/r18-checkpoint/runtime-console.txt,419,858596b738a2874f909354cd2d8432a6cce8c9abcae3463d93cd811c46e3f0f6,doc,,,6,01_CURRENT:JIT_M3_R22/evidence/r9-checkpoint/lab-runtime-seamfix.log,01_CURRENT.zip (Sep 26)
01_CURRENT,JIT_M3_R22/evidence/r18-checkpoint/lab-runtime.json,6153,0207868a7dfee5b0810cb7576a81d278ce070c5b0b630adfadf8fdf41f44588a,data,,,1,,01_CURRENT.zip (Sep 26)
01_CURRENT,JIT_M3_R22/evidence/r18-checkpoint/verification-receipt.json,3700,666f0f0aac250e1e10d98f3be6e6717b0e1721d71d75467b18266de77193d40c,data,,,1,,01_CURRENT.zip (Sep 26)
01_CURRENT,JIT_M3_R22/evidence/r18-checkpoint/lab-shader-source.json,94539,4e3ddc0d5b7182aec22f1569801ccdcc362ca18b55835482a8f3cb5da37eaf07,data,,,2,,01_CURRENT.zip (Sep 26)
01_CURRENT,JIT_M3_R22/evidence/r18-checkpoint/lab-shader-source-revised.json,94539,4e3ddc0d5b7182aec22f1569801ccdcc362ca18b55835482a8f3cb5da37eaf07,data,,,2,01_CURRENT:JIT_M3_R22/evidence/r18-checkpoint/lab-shader-source.json,01_CURRENT.zip (Sep 26)
01_CURRENT,JIT_M3_R22/evidence/r18-checkpoint/lab-shaders-revised.json,18241,9fc7c2e548db4e0b90f68e85f497aebe1ccbc7cff642ed8db3ff71e79c8a78e5,data,,,3,,01_CURRENT.zip (Sep 26)
01_CURRENT,JIT_M3_R22/evidence/r18-checkpoint/shader-console.txt,235,d7266c4bf0815ad872049321c3c735aeb3fdeee3c18e0c71b709ece42825fba7,doc,,,36,01_CURRENT:JIT_M3_R22/evidence/r22-shaders.log,01_CURRENT.zip (Sep 26)
01_CURRENT,JIT_M3_R22/evidence/r18-checkpoint/lab-shaders.json,18241,9fc7c2e548db4e0b90f68e85f497aebe1ccbc7cff642ed8db3ff71e79c8a78e5,data,,,3,01_CURRENT:JIT_M3_R22/evidence/r18-checkpoint/lab-shaders-revised.json,01_CURRENT.zip (Sep 26)
01_CURRENT,JIT_M3_R22/evidence/r18-checkpoint/r17-r18-windowed-spectral-metrics.json,2457,156a796cdd5383ec18075ad579368baeddfec5cfb9af3c42f2b0b5c9a6e7e8bf,data,,,1,,01_CURRENT.zip (Sep 26)
01_CURRENT,JIT_M3_R22/evidence/r18-checkpoint/runtime-console-revised.txt,421,89ee4a8497358526045b68166a025e7c8546e3eecb3310fcca93f080abd8364b,doc,,,20,01_CURRENT:JIT_M3_R22/evidence/r22-runtime.log,01_CURRENT.zip (Sep 26)
01_CURRENT,JIT_M3_R22/evidence/r18-checkpoint/shader-console-revised.txt,235,d7266c4bf0815ad872049321c3c735aeb3fdeee3c18e0c71b709ece42825fba7,doc,,,36,01_CURRENT:JIT_M3_R22/evidence/r22-shaders.log,01_CURRENT.zip (Sep 26)
01_CURRENT,JIT_M3_R22/evidence/r18-checkpoint/final/tests.tap,4838,8670a5083c9ddf32941d4235e294fa7475db4c75e3c6fb60e074e6e38d058cb9,log,,,1,,01_CURRENT.zip (Sep 26)
01_CURRENT,JIT_M3_R22/evidence/r18-checkpoint/final/runtime.log,419,858596b738a2874f909354cd2d8432a6cce8c9abcae3463d93cd811c46e3f0f6,log,,,6,01_CURRENT:JIT_M3_R22/evidence/r9-checkpoint/lab-runtime-seamfix.log,01_CURRENT.zip (Sep 26)
01_CURRENT,JIT_M3_R22/evidence/r18-checkpoint/final/shaders.json,18241,9fc7c2e548db4e0b90f68e85f497aebe1ccbc7cff642ed8db3ff71e79c8a78e5,data,,,3,01_CURRENT:JIT_M3_R22/evidence/r18-checkpoint/lab-shaders-revised.json,01_CURRENT.zip (Sep 26)
01_CURRENT,JIT_M3_R22/evidence/r18-checkpoint/final/shaders.log,235,d7266c4bf0815ad872049321c3c735aeb3fdeee3c18e0c71b709ece42825fba7,log,,,36,01_CURRENT:JIT_M3_R22/evidence/r22-shaders.log,01_CURRENT.zip (Sep 26)
01_CURRENT,JIT_M3_R22/evidence/r18-checkpoint/renders/open/telemetry.json,15224,415880f797b2fa7cf6828965c3cf56a54c9cc8affc34f06bdfab1cba6f988620,data,,,1,,01_CURRENT.zip (Sep 26)
01_CURRENT,JIT_M3_R22/evidence/r18-checkpoint/renders/open/browser-run.log,0,e3b0c44298fc1c149afbf4c8996fb92427ae41e4649b934ca495991b7852b855,log,,,5,01_CURRENT:JIT_M3_R22/research/JIT-Splash-M1/evidence/test-stderr.txt,01_CURRENT.zip (Sep 26)
01_CURRENT,JIT_M3_R22/evidence/r18-checkpoint/renders/closed/telemetry.json,10572,f3c4a0ae19c74102c7baf94b0c0d220ca37a59ed502681516ef8890efd031a33,data,,,1,,01_CURRENT.zip (Sep 26)
01_CURRENT,JIT_M3_R22/evidence/r18-checkpoint/renders/closed/browser-run.log,0,e3b0c44298fc1c149afbf4c8996fb92427ae41e4649b934ca495991b7852b855,log,,,5,01_CURRENT:JIT_M3_R22/research/JIT-Splash-M1/evidence/test-stderr.txt,01_CURRENT.zip (Sep 26)
01_CURRENT,JIT_M3_R22/evidence/r13-final/source-sha256.txt,205,2c8aeb9294d9ea2a7fdf31903b54963fa7613c6402104e8bd097ded24fc9b2fa,doc,,,1,,01_CURRENT.zip (Sep 26)
01_CURRENT,JIT_M3_R22/evidence/r13-final/verification-summary.txt,493,bc51d5517c4b60ac912fa52076317306f9743c543d6405745af82b3e0cfaabd2,doc,,,1,,01_CURRENT.zip (Sep 26)
01_CURRENT,JIT_M3_R22/evidence/r13-final/lab-optics-r12-r13.diff,5314,d5d70ab70394a3c1be6fb13ab32f3cbdd0d143f82b07e611cbec45872ed77948,other,,,1,,01_CURRENT.zip (Sep 26)
01_CURRENT,JIT_M3_R22/evidence/r13-final/interface-metrics.json,577,82d1d863a0c50082f66b33c101bec72546c301066ab57cf65a62ce0af431fb5e,data,,,1,,01_CURRENT.zip (Sep 26)
01_CURRENT,JIT_M3_R22/evidence/r13-final/renders/above/telemetry.json,958,1d7a1c094933136accf3f4d2ac294f41a4c4014521b4baf2849621a86195be01,data,,,2,,01_CURRENT.zip (Sep 26)
01_CURRENT,JIT_M3_R22/evidence/r13-final/renders/underwater/telemetry.json,958,1d7a1c094933136accf3f4d2ac294f41a4c4014521b4baf2849621a86195be01,data,,,2,01_CURRENT:JIT_M3_R22/evidence/r13-final/renders/above/telemetry.json,01_CURRENT.zip (Sep 26)
01_CURRENT,JIT_M3_R22/evidence/r17-checkpoint/final-shader-console.txt,235,d7266c4bf0815ad872049321c3c735aeb3fdeee3c18e0c71b709ece42825fba7,doc,,,36,01_CURRENT:JIT_M3_R22/evidence/r22-shaders.log,01_CURRENT.zip (Sep 26)
01_CURRENT,JIT_M3_R22/evidence/r17-checkpoint/final-tests.tap,4841,c320070201c34a0108bd9cbc58857a3505aaf5f5079ad50a88ae987ea0b13554,log,,,1,,01_CURRENT.zip (Sep 26)
01_CURRENT,JIT_M3_R22/evidence/r17-checkpoint/capture-open-proof-slow.py,13813,10e9467900fed7774e250a72eb2987b4057dd8ccb7293be67e8d4cc73dcd19ef,tool,,,1,,01_CURRENT.zip (Sep 26)
01_CURRENT,JIT_M3_R22/evidence/r17-checkpoint/capture-closed-proof.py,12921,10033b038d06f52704e0d094b958743a3bc02fd2516ff5820161fc7bdc72259f,tool,,,1,,01_CURRENT.zip (Sep 26)
01_CURRENT,JIT_M3_R22/evidence/r17-checkpoint/capture-open-proof-above20.py,13814,78a94a943a9837f8c8e92d2bffc51b5be6a4fe1f612d14002a58e89af8dde51d,tool,,,1,,01_CURRENT.zip (Sep 26)
01_CURRENT,JIT_M3_R22/evidence/r17-checkpoint/r16-r17-far-field-metrics.json,414,ebd063cd7b1073e7c7ed2149d081f19374bb65d2815d6ca95a24cee69bdcd3aa,data,,,1,,01_CURRENT.zip (Sep 26)
01_CURRENT,JIT_M3_R22/evidence/r17-checkpoint/source-and-evidence-hashes.json,963,178632e2490653408d677a10d0a814e895e0b28781556a76dd684eff5ee1196f,data,,,1,,01_CURRENT.zip (Sep 26)
01_CURRENT,JIT_M3_R22/evidence/r17-checkpoint/package-sha256.txt,132,b71a76709852f56be398a02d2f0e3b672c5d619b752cb3eb8213a4c6f7991ead,doc,,,1,,01_CURRENT.zip (Sep 26)
01_CURRENT,JIT_M3_R22/evidence/r17-checkpoint/runtime-console.txt,421,89ee4a8497358526045b68166a025e7c8546e3eecb3310fcca93f080abd8364b,doc,,,20,01_CURRENT:JIT_M3_R22/evidence/r22-runtime.log,01_CURRENT.zip (Sep 26)
01_CURRENT,JIT_M3_R22/evidence/r17-checkpoint/final-shaders.json,18232,2cb763a85c6f379bd3f147af378425b40f21b4e6cc69b214dae2ba864932065c,data,,,2,,01_CURRENT.zip (Sep 26)
01_CURRENT,JIT_M3_R22/evidence/r17-checkpoint/lab-runtime.json,6151,1164952bf8701c6310b85705ed73236624091f1a73e844e64e7651e1ead54f77,data,,,1,,01_CURRENT.zip (Sep 26)
01_CURRENT,JIT_M3_R22/evidence/r17-checkpoint/lab-shader-source.json,96895,82119f75e5d4d2a05c7682033ac91b94ff32e836e428ec2fc75a195c479d320d,data,,,1,,01_CURRENT.zip (Sep 26)
01_CURRENT,JIT_M3_R22/evidence/r17-checkpoint/final-shader-source.json,94530,91a37a042920ca02a11ea77489a481747ac253d2a980e4ad332bd7100c26e1ba,data,,,2,,01_CURRENT.zip (Sep 26)
01_CURRENT,JIT_M3_R22/evidence/r17-checkpoint/R17_VERIFICATION_RECEIPT.json,2690,071de6b828380525dfc79a7593c60827c789fc6b9cb5289e87e2c18ca4fc3a72,data,,,1,,01_CURRENT.zip (Sep 26)
01_CURRENT,JIT_M3_R22/evidence/r17-checkpoint/lab-shader-source-fast.json,94530,91a37a042920ca02a11ea77489a481747ac253d2a980e4ad332bd7100c26e1ba,data,,,2,01_CURRENT:JIT_M3_R22/evidence/r17-checkpoint/final-shader-source.json,01_CURRENT.zip (Sep 26)
01_CURRENT,JIT_M3_R22/evidence/r17-checkpoint/final-runtime-console.txt,422,ab844edc41a8d9d44c5a6c232c114fbd3e5f520b99de40d741e33db54c8f524f,doc,,,8,01_CURRENT:JIT_M3_R22/evidence/r9-checkpoint/lab-runtime-opt.log,01_CURRENT.zip (Sep 26)
01_CURRENT,JIT_M3_R22/evidence/r17-checkpoint/lab-shaders-fast.json,18232,2cb763a85c6f379bd3f147af378425b40f21b4e6cc69b214dae2ba864932065c,data,,,2,01_CURRENT:JIT_M3_R22/evidence/r17-checkpoint/final-shaders.json,01_CURRENT.zip (Sep 26)
01_CURRENT,JIT_M3_R22/evidence/r17-checkpoint/runtime-console-fast.txt,422,ab844edc41a8d9d44c5a6c232c114fbd3e5f520b99de40d741e33db54c8f524f,doc,,,8,01_CURRENT:JIT_M3_R22/evidence/r9-checkpoint/lab-runtime-opt.log,01_CURRENT.zip (Sep 26)
01_CURRENT,JIT_M3_R22/evidence/r17-checkpoint/shader-console.txt,235,d7266c4bf0815ad872049321c3c735aeb3fdeee3c18e0c71b709ece42825fba7,doc,,,36,01_CURRENT:JIT_M3_R22/evidence/r22-shaders.log,01_CURRENT.zip (Sep 26)
01_CURRENT,JIT_M3_R22/evidence/r17-checkpoint/final-runtime.json,6154,9ff9cd20444e179ed0e522c85908e374e8f343cddb6154f680c5f86534c15e2c,data,,,1,,01_CURRENT.zip (Sep 26)
01_CURRENT,JIT_M3_R22/evidence/r17-checkpoint/lab-shaders.json,18232,81e7c0780722b6e184ad049743c809cd3fb4dbb3892182d9b7bb5070e562ec84,data,,,1,,01_CURRENT.zip (Sep 26)
01_CURRENT,JIT_M3_R22/evidence/r17-checkpoint/capture-open-proof.py,13814,89f7968cdabeaa07e702c7b98aea79bcbe12e35ecc8a03bf8dd465479e9b9fef,tool,,,2,01_CURRENT:JIT_M3_R22/evidence/r16-checkpoint/capture-open-proof.py,01_CURRENT.zip (Sep 26)
01_CURRENT,JIT_M3_R22/evidence/r17-checkpoint/renders/open/telemetry.json,15216,410ae850d8d0b3a4660f425fcfe8b6236be42d46206cef9eb1a909522b168c22,data,,,1,,01_CURRENT.zip (Sep 26)
01_CURRENT,JIT_M3_R22/evidence/r17-checkpoint/renders/closed/telemetry.json,10562,215e4f96c8d56a039f0083c38323af821304f21b246f11cb8f6919b5b0901635,data,,,1,,01_CURRENT.zip (Sep 26)
01_CURRENT,JIT_M3_R22/evidence/r7-checkpoint/lab-physics.tap,2111,8d7e0d92a5c9badc60b09571a6210b85b9e05428ab27933650eea6fbeda83ae2,log,,,1,,01_CURRENT.zip (Sep 26)
01_CURRENT,JIT_M3_R22/evidence/r7-checkpoint/lab-shaders.log,235,d7266c4bf0815ad872049321c3c735aeb3fdeee3c18e0c71b709ece42825fba7,log,,,36,01_CURRENT:JIT_M3_R22/evidence/r22-shaders.log,01_CURRENT.zip (Sep 26)
01_CURRENT,JIT_M3_R22/evidence/r7-checkpoint/browser-telemetry.json,942,7241097d888534f589dfc200826bc38f237878c301061d3347bd62ff6ef2f0e9,data,,,1,,01_CURRENT.zip (Sep 26)
01_CURRENT,JIT_M3_R22/evidence/r7-checkpoint/spectrum-tests.tap,804,c067e0443a18e3f6b032b43f363bb2ed4b10d49805ec3a1e2181a4cb2b01df38,log,,,1,,01_CURRENT.zip (Sep 26)
01_CURRENT,JIT_M3_R22/evidence/r7-checkpoint/camera-present.json,121,c3be11c05db4dd55d773f9795ad8c127c24ed6e7665ba313669fc9d659cccda8,data,,,1,,01_CURRENT.zip (Sep 26)
01_CURRENT,JIT_M3_R22/evidence/r7-checkpoint/lab-runtime.log,423,aaa9a89f0af7fb8c8deed5f18c1d6d7ec5689ed689f83315921d3d10df9ea94e,log,,,8,01_CURRENT:JIT_M3_R22/evidence/r9-checkpoint/lab-runtime-repair.log,01_CURRENT.zip (Sep 26)
01_CURRENT,JIT_M3_R22/evidence/r7-checkpoint/lab-shaders.json,15153,b36bbfab97f23e6773f7d3957b5e12e6ddb1dfa7f8b749941cf781264a09a1be,data,,,1,,01_CURRENT.zip (Sep 26)
01_CURRENT,JIT_M3_R22/evidence/r7-checkpoint/source.sha256,574,6661006df159d7f2ae8ce4bcf4a65adfed0693483d8b001d455eb3e984c000c0,other,,,1,,01_CURRENT.zip (Sep 26)
01_CURRENT,JIT_M3_R22/evidence/r21-checkpoint/final-tests.log,8951,e8b26f8341282221a5e5f061e91d5b5f8e8fd1bbca3233677290d3e27079bcb4,log,,,1,,01_CURRENT.zip (Sep 26)
01_CURRENT,JIT_M3_R22/evidence/r21-checkpoint/lab-physics.tap,3031,7872bcfe59b86b56d51a8067fa47d8f4a33c211f1704e1f5a5d5b60a5a6b5753,log,,,1,,01_CURRENT.zip (Sep 26)
01_CURRENT,JIT_M3_R22/evidence/r21-checkpoint/donor-integration.tap,1845,9602d9350badb4effed9d900aca0f3e8bb736761955a6188f09e3da0b4b85809,log,,,1,,01_CURRENT.zip (Sep 26)
01_CURRENT,JIT_M3_R22/evidence/r21-checkpoint/runtime.log,421,89ee4a8497358526045b68166a025e7c8546e3eecb3310fcca93f080abd8364b,log,,,20,01_CURRENT:JIT_M3_R22/evidence/r22-runtime.log,01_CURRENT.zip (Sep 26)
01_CURRENT,JIT_M3_R22/evidence/r21-checkpoint/sea-state.tap,2740,3911f63e2c8ad663ec82b202d9708ea35cc3b7d0418fd629ab03e78ec3a160c3,log,,,1,,01_CURRENT.zip (Sep 26)
01_CURRENT,JIT_M3_R22/evidence/r21-checkpoint/final-shaders.json,19129,98fa5016b19f9f260663ba3cdbbbbca7be877e0d774ef5cc641c007cf1f496ea,data,,,2,,01_CURRENT.zip (Sep 26)
01_CURRENT,JIT_M3_R22/evidence/r21-checkpoint/verification.json,30736,62d8245e2c872da5c47994c7d3fcd92473b4e888e9740c4660dea4c9b2748a74,data,,,1,,01_CURRENT.zip (Sep 26)
01_CURRENT,JIT_M3_R22/evidence/r21-checkpoint/runtime.json,8097,54898c2466fc17b691f528f2db58badc7c6bda9d9cd503d07e86eed9c518b6ad,data,,,1,,01_CURRENT.zip (Sep 26)
01_CURRENT,JIT_M3_R22/evidence/r21-checkpoint/all-tests-prebrowser.tap,8948,89c600ff4824d333049f6531e62175a43a5d47677d27ca98e2d3d76efa46f478,log,,,1,,01_CURRENT.zip (Sep 26)
01_CURRENT,JIT_M3_R22/evidence/r21-checkpoint/source-manifest.sha256,5302,b6d5a409339edde634dae7d3bd7de55dbfa2f322a2b4898dc0cefb07f04e028b,other,,,1,,01_CURRENT.zip (Sep 26)
01_CURRENT,JIT_M3_R22/evidence/r21-checkpoint/final-runtime.log,419,858596b738a2874f909354cd2d8432a6cce8c9abcae3463d93cd811c46e3f0f6,log,,,6,01_CURRENT:JIT_M3_R22/evidence/r9-checkpoint/lab-runtime-seamfix.log,01_CURRENT.zip (Sep 26)
01_CURRENT,JIT_M3_R22/evidence/r21-checkpoint/capture-r21.py,12953,7784f97d0dcbf608422ad8fb1fef555326d3162632a632be399ac2f63e8133b8,tool,,,1,,01_CURRENT.zip (Sep 26)
01_CURRENT,JIT_M3_R22/evidence/r21-checkpoint/final-shaders.log,235,d7266c4bf0815ad872049321c3c735aeb3fdeee3c18e0c71b709ece42825fba7,log,,,36,01_CURRENT:JIT_M3_R22/evidence/r22-shaders.log,01_CURRENT.zip (Sep 26)
01_CURRENT,JIT_M3_R22/evidence/r21-checkpoint/shader-source.json,96930,df7b1587d5acffd6235ade87601c1ae2f09e8e3432fec5ab5ec46969ab39a09b,data,,,1,,01_CURRENT.zip (Sep 26)
01_CURRENT,JIT_M3_R22/evidence/r21-checkpoint/shader-compile.log,235,d7266c4bf0815ad872049321c3c735aeb3fdeee3c18e0c71b709ece42825fba7,log,,,36,01_CURRENT:JIT_M3_R22/evidence/r22-shaders.log,01_CURRENT.zip (Sep 26)
01_CURRENT,JIT_M3_R22/evidence/r21-checkpoint/shader-compile.json,19129,98fa5016b19f9f260663ba3cdbbbbca7be877e0d774ef5cc641c007cf1f496ea,data,,,2,01_CURRENT:JIT_M3_R22/evidence/r21-checkpoint/final-shaders.json,01_CURRENT.zip (Sep 26)
01_CURRENT,JIT_M3_R22/evidence/r21-checkpoint/renders/open-underwater/telemetry.json,18655,60b9ac2e616a6de49d6037bdc95b758ce0e547f50a26c5648a234f91ea6cefa3,data,,,1,,01_CURRENT.zip (Sep 26)
01_CURRENT,JIT_M3_R22/evidence/r21-checkpoint/renders/open-above/telemetry.json,18649,0aa73de650461ee922091aa331cf34bf8795e3b72b36a5f1cb3caaf513d6a4f0,data,,,1,,01_CURRENT.zip (Sep 26)
01_CURRENT,JIT_M3_R22/evidence/r21-checkpoint/renders/closed-above/telemetry.json,16614,0e08f034d5c1d0da17fc6d5df5001354f70cb46f0ec95ede2d9578411cb961d4,data,,,1,,01_CURRENT.zip (Sep 26)
01_CURRENT,JIT_M3_R22/evidence/r21-checkpoint/renders/wet-exit/telemetry.json,15318,d25f61bc22139c2dbd0cd8804406e2adacfa30af30d22c7ec4fafef57e9f8ac4,data,,,1,,01_CURRENT.zip (Sep 26)
01_CURRENT,JIT_M3_R22/evidence/r21-checkpoint/renders/closed-underwater/telemetry.json,16619,66213d3f7133a1397f5ffe324ef92f5a9cf8ace260a11c45afb6dc1f1dddbd8c,data,,,1,,01_CURRENT.zip (Sep 26)
01_CURRENT,JIT_M3_R22/evidence/r21-checkpoint/renders/page-recenter/telemetry.json,19839,8d1d9190a0be11c650c9c0362be3c81a3b83cbd988b1722f15cb785364c939f9,data,,,1,,01_CURRENT.zip (Sep 26)
01_CURRENT,JIT_M3_R22/evidence/r19-checkpoint/tests.tap,5855,ec997a8fa9ca6ae3844cb57e555e68301939692df16a62ad28d46fcc2373f30a,log,,,1,,01_CURRENT.zip (Sep 26)
01_CURRENT,JIT_M3_R22/evidence/r19-checkpoint/shaders-final.log,235,d7266c4bf0815ad872049321c3c735aeb3fdeee3c18e0c71b709ece42825fba7,log,,,36,01_CURRENT:JIT_M3_R22/evidence/r22-shaders.log,01_CURRENT.zip (Sep 26)
01_CURRENT,JIT_M3_R22/evidence/r19-checkpoint/runtime-final.log,421,89ee4a8497358526045b68166a025e7c8546e3eecb3310fcca93f080abd8364b,log,,,20,01_CURRENT:JIT_M3_R22/evidence/r22-runtime.log,01_CURRENT.zip (Sep 26)
01_CURRENT,JIT_M3_R22/evidence/r19-checkpoint/runtime.log,422,ab844edc41a8d9d44c5a6c232c114fbd3e5f520b99de40d741e33db54c8f524f,log,,,8,01_CURRENT:JIT_M3_R22/evidence/r9-checkpoint/lab-runtime-opt.log,01_CURRENT.zip (Sep 26)
01_CURRENT,JIT_M3_R22/evidence/r19-checkpoint/tests-final.tap,5852,84698ab9e429725b59492c81d8844536c51a35ade3e5ef755be7f2356d24795a,log,,,1,,01_CURRENT.zip (Sep 26)
01_CURRENT,JIT_M3_R22/evidence/r19-checkpoint/sea-system-diagnostics.json,2038,97eea415c15f4b6e769001ed57ba689dce6c9bb1a1d6064ee8f0074b2e007583,data,,,1,,01_CURRENT.zip (Sep 26)
01_CURRENT,JIT_M3_R22/evidence/r19-checkpoint/verification-receipt.json,8708,b170e122eb15a1963b2ad0fd1587777867023e7907b0973b1da31f6bd7854aef,data,,,1,,01_CURRENT.zip (Sep 26)
01_CURRENT,JIT_M3_R22/evidence/r19-checkpoint/shaders-final.json,18234,ca29bdbfe80c74e45b0c6564e655d3d0f0e78b6aac15bff22db60fbe96927afb,data,,,2,,01_CURRENT.zip (Sep 26)
01_CURRENT,JIT_M3_R22/evidence/r19-checkpoint/shaders.json,18234,ca29bdbfe80c74e45b0c6564e655d3d0f0e78b6aac15bff22db60fbe96927afb,data,,,2,01_CURRENT:JIT_M3_R22/evidence/r19-checkpoint/shaders-final.json,01_CURRENT.zip (Sep 26)
01_CURRENT,JIT_M3_R22/evidence/r19-checkpoint/shaders.log,235,d7266c4bf0815ad872049321c3c735aeb3fdeee3c18e0c71b709ece42825fba7,log,,,36,01_CURRENT:JIT_M3_R22/evidence/r22-shaders.log,01_CURRENT.zip (Sep 26)
01_CURRENT,JIT_M3_R22/evidence/r19-checkpoint/capture-single.py,15145,a29bdf3e0c06374a80aa16cb52bd808514771737fbb7e5fa18b18788c38fe9c6,tool,,,1,,01_CURRENT.zip (Sep 26)
01_CURRENT,JIT_M3_R22/evidence/r19-checkpoint/renders/open-above/telemetry.json,5472,dd298a7f8a670ed2a21dc6e1227174899a10378ee9f041dd3100fcab5926144d,data,,,1,,01_CURRENT.zip (Sep 26)
01_CURRENT,JIT_M3_R22/evidence/r19-checkpoint/renders/open-under/telemetry.json,5479,935c364f31712d9fd5c81bf74186c778efb1993e75c88a9376c1bb42d303b6fd,data,,,1,,01_CURRENT.zip (Sep 26)
01_CURRENT,JIT_M3_R22/evidence/r19-checkpoint/renders/closed-above/telemetry.json,5475,43b3ad2a8543c665c087d04e6e07cea186f42256cd9dd3fe4f77e660aa396a6d,data,,,1,,01_CURRENT.zip (Sep 26)
01_CURRENT,JIT_M3_R22/evidence/r19-checkpoint/renders/crossing-sea/telemetry.json,8049,e5dde633cb241a4f3ac1ade8d0a8c6570136f253287bba2be9b63e6bdc1a5eb8,data,,,1,,01_CURRENT.zip (Sep 26)
01_CURRENT,JIT_M3_R22/evidence/r19-checkpoint/renders/closed-under/telemetry.json,5481,808473b39352d2f8056d4a84d0334a2d7adb7fe004397d31b4b28562744d36f3,data,,,1,,01_CURRENT.zip (Sep 26)
01_CURRENT,JIT_M3_R22/evidence/r22-checkpoint/final-tests.tap,11666,1f1fecc77ccb9cea6fa57dbc15ed7ac65a48fa1e1d52a2dc6703a23dcf24dbe3,log,,,1,,01_CURRENT.zip (Sep 26)
01_CURRENT,JIT_M3_R22/evidence/r22-checkpoint/source-manifest.json,4678,17c6a399c2dc9bc34bb7e0066d075271a4da9519212b613684464ef3d9b5b3ff,data,,,1,,01_CURRENT.zip (Sep 26)
01_CURRENT,JIT_M3_R22/evidence/r22-checkpoint/final-shaders.json,19121,f19d1b40465a2001fd6fed2a8a55ea377d056d71cbda2ec11b0275c6fe5e23a0,data,,,2,01_CURRENT:JIT_M3_R22/evidence/r22-shaders.json,01_CURRENT.zip (Sep 26)
01_CURRENT,JIT_M3_R22/evidence/r22-checkpoint/verification.json,26112,090617fdf63b7e2062b1056a6f6549ee01442c83c2babc1711efcabcd2ccd82a,data,,,1,,01_CURRENT.zip (Sep 26)
01_CURRENT,JIT_M3_R22/evidence/r22-checkpoint/final-runtime.log,421,89ee4a8497358526045b68166a025e7c8546e3eecb3310fcca93f080abd8364b,log,,,20,01_CURRENT:JIT_M3_R22/evidence/r22-runtime.log,01_CURRENT.zip (Sep 26)
01_CURRENT,JIT_M3_R22/evidence/r22-checkpoint/final-shaders.log,235,d7266c4bf0815ad872049321c3c735aeb3fdeee3c18e0c71b709ece42825fba7,log,,,36,01_CURRENT:JIT_M3_R22/evidence/r22-shaders.log,01_CURRENT.zip (Sep 26)
01_CURRENT,JIT_M3_R22/evidence/r22-checkpoint/shader-source.json,96922,d591353415240375ec174dddaf45676598df927766b587bd1f9c56d9b589d533,data,,,2,01_CURRENT:JIT_M3_R22/evidence/lab-shader-source.json,01_CURRENT.zip (Sep 26)
01_CURRENT,JIT_M3_R22/evidence/r22-checkpoint/rejected-probes/raw-offshore-into-1m/telemetry.json,39996,ecf441ed8521ec52ba95f0e6f103f4ce522925422675dc4b85ae83a7a663f323,data,,,1,,01_CURRENT.zip (Sep 26)
01_CURRENT,JIT_M3_R22/evidence/r22-checkpoint/renders/open-above/telemetry.json,39270,210d1d98adceab5a38076995f08160d7b5412b3baee8c6652a7945ebbc536179,data,,,1,,01_CURRENT.zip (Sep 26)
01_CURRENT,JIT_M3_R22/evidence/r22-checkpoint/renders/open-under/telemetry.json,39275,a828f5c1dc838ec0060ce06c8f2f540d0349de0efab2786599856386a5230fcd,data,,,1,,01_CURRENT.zip (Sep 26)
01_CURRENT,JIT_M3_R22/evidence/r22-checkpoint/renders/energetic-boundary/telemetry.json,40335,194e4e7f6334a497ace3124f292027d6bddf4333f8ee65524ad423f65a61f3f9,data,,,1,,01_CURRENT.zip (Sep 26)
01_CURRENT,JIT_M3_R22/evidence/r22-checkpoint/renders/closed-above/telemetry.json,37193,953c93d4f2d5f84fae047794e6f2247f0d31a976491348399a4b10a586b06bdd,data,,,1,,01_CURRENT.zip (Sep 26)
01_CURRENT,JIT_M3_R22/evidence/r22-checkpoint/renders/wet-exit/telemetry.json,36562,ed515f4f2cf4e780c934b529bd59d9c9b0683f9d72bd7863489943d6447ea0c5,data,,,1,,01_CURRENT.zip (Sep 26)
01_CURRENT,JIT_M3_R22/evidence/r22-checkpoint/renders/closed-under/telemetry.json,37199,ed3e15684897dafbbae8edcd3e8bfb8bcaa6aa993a7f704579aabd083f9a0e2c,data,,,1,,01_CURRENT.zip (Sep 26)
01_CURRENT,JIT_M3_R22/evidence/r22-checkpoint/renders/page-recenter/telemetry.json,41092,628367242fb3b1517c548c26258268a64fb911b16fb086677d17c3f8e2b9e59b,data,,,1,,01_CURRENT.zip (Sep 26)
01_CURRENT,JIT_M3_R22/.openai/hosting.json,91,dde3f44485161e007f5c9e49a7d11c93da94e86d798e969705fa5ae3618dcbe7,data,,,1,,01_CURRENT.zip (Sep 26)
ocean,AQUA_SPHERE_BUOYANCY_SOFT_HEIGHT_GUARD_PASS8_NOTES.md,2663,fb7ff89f586c3c7957d99c4a0e666bfe3f84c2779bfa57bffa11b13723ef62b8,doc,,,1,,ocean.zip (Sep 26)
ocean,AQUA_WAVECORE_IDE_REBUILD_PASS11_NOTES.md,3072,bb64d410e8d3e64526f90437f499cd21ddd38bb31a55ef71c168dcad6ab61bd5,doc,,,1,,ocean.zip (Sep 26)
ocean,hybridsplashFable_planet_foam_lab_modes_v19_fixed.html,232705,ce17e06446ff516eeee4d6df601825548b9f742d057cfa1a5c6d0c9bae9a6a01,html,webgpu,HybridSplash — Developer Foam Surface System v11,1,,ocean.zip (Sep 26)
ocean,AQUA_HEIGHTFIELD_2D_DRAWER_WAVEFIX_PASS10_NOTES.md,2425,25ea5078db8d0d368ea07d45636d8a5510d7533064b9116a8cf227a8373c87b1,doc,,,1,,ocean.zip (Sep 26)
ocean,AQUA_TEMPORAL_RIBBON_DROPLET_PASS4_NOTES.md,2249,1016c94b2ea850eca9cf43ab83fedaabc024c9e55b524eb1d35b1ed0fa39e9d7,doc,,,1,,ocean.zip (Sep 26)
ocean,hybridsplashFable_wind_drawmap.html,144445,881f852f775a316623a18ba9260727a5a95b841514ee984935baac738934145d,html,webgpu,HybridSplash — WebGPU Hybrid Ocean,1,,ocean.zip (Sep 26)
ocean,AQUA_HEIGHTFIELD_MLSMPM_MERGED_NOTES.md,1794,03893fca5d2141d4e7e75a021cb0fff311c8b2c70e92b975fe3fc414c042abb6,doc,,,1,,ocean.zip (Sep 26)
ocean,hybridsplashFable_planet_foam_lab_modes_v19.html,232581,d4f4742454eae394797790718fbf6873441ff4c286fa5c9745a2f97deefa48c7,html,webgpu,HybridSplash — Developer Foam Surface System v11,1,,ocean.zip (Sep 26)
ocean,AQUA_ANTI_SANDPAPER_SPECTRAL_GUARD_PASS6_NOTES.md,3626,870ba88f15b9efd5a72f6138e7a98f6faf8929cca26bcf0065296f23e56dfa93,doc,,,1,,ocean.zip (Sep 26)
ocean,hybridsplashFable_terrain_map_studio.html,155270,28108d68fff6d841476ad43602467c2626da63a4d550c9e307b4ba23be0da3d1,html,webgpu,HybridSplash — WebGPU Hybrid Ocean,1,,ocean.zip (Sep 26)
ocean,hybridsplashFable_planet_fft_ocean_v32.html,274396,7dd7e1876ed70bf0fccf747061b1b555a7fa5aa27bd7244dd28f0921d8986f9d,html,webgpu,HybridSplash — Hyperreal Foam State Debug v25,1,,ocean.zip (Sep 26)
ocean,hybridsplashFable_obstacles_params.cfold_mlsalign_candidate.html,131950,0ed0103fe508b09c31b65ec69c31b6a952a19ddd74b3f8ee8ed9d22ff090cc2c,html,webgpu,HybridSplash — WebGPU Hybrid Ocean,1,,ocean.zip (Sep 26)
ocean,hybridsplashFable_fixed.nswe_control_denoise_first_frame_guard_candidate.html,122772,16f4ab143937ee7966aa563e339910ad2dcc93d268606d9edc70788fc9d4ca04,html,webgpu,HybridSplash — WebGPU Hybrid Ocean,1,,ocean.zip (Sep 26)
ocean,hybridsplashFable_planet_wave_authority_v36.html,380914,bef32c9000aec361f078c43f2862573dfb9845c5cf155ecc995d7803cb888c83,html,webgpu,HybridSplash — Canonical UI Shell v35,1,,ocean.zip (Sep 26)
ocean,hybridsplashFable_breaking_fold.html,122127,7f91879c0ea0d980e860ab2fb08e9670778133b783c6d59838a125867854f8b0,html,webgpu,HybridSplash — WebGPU Hybrid Ocean,1,,ocean.zip (Sep 26)
ocean,hybridsplashFable_planet_painted_foam_history_v10_fixed.html,205691,ba60ae71733077b6b9f3ab53b50346ccfbdbbe04036366a00c9e62251b8a7623,html,webgpu,HybridSplash — Foam Deposits System v8,1,,ocean.zip (Sep 26)
ocean,AQUA_SUBSURFACE_ENTRAINMENT_INFRASTRUCTURE_PASS1_NOTES.md,3501,6e68faf28a4f1ba1428acf944a4bad4888615930643efead59d3a9a810d50f97,doc,,,1,,ocean.zip (Sep 26)
ocean,AQUA_HEIGHTFIELD_V7CORE_REPAIR_PASS12_NOTES.md,2075,3ff64e97ad07508b1aab1b8584b1c9dd21ebf822c29b897b93eb2a238e00867c,doc,,,1,,ocean.zip (Sep 26)
ocean,AQUA_BEZIER_TENDRIL_FILAMENT_FIX_NOTES.md,2230,e7f5068a7f9f93d422e5d6b7226c89338320276724e96321279769d6bd7367f6,doc,,,1,,ocean.zip (Sep 26)
ocean,hybridsplashFable_planet_edge_optics_v21.html,238764,e446c8ede7641df6c11d1d2a31f42fcd14c6a5aa1fe105da1c7fcc57717bbe0b,html,webgpu,HybridSplash — Developer Foam Surface System v11,1,,ocean.zip (Sep 26)
ocean,hybridsplashFable_foam_deposits.html,120071,5dfd987147cf92f198c0d3f990e29ca59478183b6854e8e3eea2c5fc897842de,html,webgpu,HybridSplash — WebGPU Hybrid Ocean,1,,ocean.zip (Sep 26)
ocean,hybridsplashFable_terrain_realism.html,162911,cec51e4c7942034b68f4c63fbe5d687d8042f798b3d763d3723b9d740e76f3d6,html,webgpu,HybridSplash — WebGPU Hybrid Ocean,1,,ocean.zip (Sep 26)
ocean,hybridsplashFable_fixed.hf_solver_antibuzz_damping_candidate.html,126141,cc49e6e1ee307e6e5eabea70f6b915be9f7acc236317eb0a3f013dd04be0e3d1,html,webgpu,HybridSplash — WebGPU Hybrid Ocean,1,,ocean.zip (Sep 26)
ocean,AQUA_DROPLET_SPAWN_BFT_FIX_NOTES.md,2919,387dd7de5d92db62361d862904d2582f9e5b881bed12cac2c60ee37a1ea8a14f,doc,,,1,,ocean.zip (Sep 26)
ocean,AQUA_TENDRIL_BREAKUP_UI_BFT_FIX_NOTES.md,2818,1f7bf4e4336f410442c3330d2521663a23a04a95264d614c5fd8ae0fd2f4d925,doc,,,1,,ocean.zip (Sep 26)
ocean,hybridsplashFable_planet_devpanel_v13.html,215509,c5537577f72065e277641ff5dcea2f8ba1c1e06b780417cb08fa933a05a272b4,html,webgpu,HybridSplash — Developer Foam Surface System v11,1,,ocean.zip (Sep 26)
ocean,hybridsplashFable_planet_planning_page_v41_framepump_fixed.html,492193,71de1e069ad895b418e497694eecd6830a8c9b64e270aadb9ae493bd3e7a277d,html,webgpu,HybridSplash — Canonical UI Shell v35,1,,ocean.zip (Sep 26)
ocean,hybridsplashFable_planet (2).html,172295,1d22467027fe8b0db3510f012c2c01218de337ceba0b83601782f6f86f414110,html,webgpu,HybridSplash — WebGPU Hybrid Ocean,1,,ocean.zip (Sep 26)
ocean,hybridsplashFable_planet (8).html,187514,eb1ed64cb4fa0d8d93a72513170ce6c6b79268b50892b1e9772195d1d8539158,html,webgpu,HybridSplash — WebGPU Hybrid Ocean,1,,ocean.zip (Sep 26)
ocean,hybridsplashFable_planet_underwater_lighting_v28.html,254626,54dbd58ee82c413193f828a2f2008440aeecae055ae5022f5521bc577485ba80,html,webgpu,HybridSplash — Hyperreal Foam State Debug v25,1,,ocean.zip (Sep 26)
ocean,hybridsplashFable_obstacles_params.cfold_mlsalign_firstframe_guard_candidate.html,132814,9f480768ca5ad68c980f6896ce35ee00288fade498105d8f1e7ea17e272379be,html,webgpu,HybridSplash — WebGPU Hybrid Ocean,1,,ocean.zip (Sep 26)
ocean,hybridsplashFable_planet (10).html,189115,083b7be1657476a233153215a05e2ee09b6fac86cf1c88b49cd324f17dc3cbac,html,webgpu,HybridSplash — WebGPU Hybrid Ocean,2,,ocean.zip (Sep 26)
ocean,AQUA_DROPLET_SPAWN_FIX_NOTES.md,1864,74c739be5e6ebaaab683a01be8c77f75e84a80d7cd6b3472ab7b9cb3d5675742,doc,,,1,,ocean.zip (Sep 26)
ocean,hybridsplashFable_planet (9).html,189115,083b7be1657476a233153215a05e2ee09b6fac86cf1c88b49cd324f17dc3cbac,html,webgpu,HybridSplash — WebGPU Hybrid Ocean,2,ocean:hybridsplashFable_planet (10).html,ocean.zip (Sep 26)
ocean,AQUA_PACKET1_STABILITY_WAVECANON_PASS3_NOTES.md,3799,da8f523d289a4ee1e6d8323811e46b537ee759961ad44f2ec551d2a7a2fe20b5,doc,,,1,,ocean.zip (Sep 26)
ocean,PHENOMENON_CARD_BREAK_GENESIS_C_FOLD_CURLING_LIP.md,6117,31db932c6090bf410f5034aea123500e4f61e01ea3ffbbcde95acfee302f1b3e,doc,,,1,,ocean.zip (Sep 26)
ocean,AQUA_HEIGHTFIELD_LAB_POLARIZATION_PASS9_NOTES.md,3349,3831fe20769669cebcebc08eb33f12ecf74e8f0217fd4b4f75655da015023265,doc,,,1,,ocean.zip (Sep 26)
ocean,hybridsplashFable_planet_foam_system_v5.html,196510,99dd0cbb70593a1016413c2e73b6ed81bddde8c0a2e26aa45bec667b1efcc953,html,webgpu,HybridSplash — Foam Material System v5,1,,ocean.zip (Sep 26)
ocean,hybridsplashFable_planet_foam_shadow_optics_v22.html,240721,033e3829b05bf2855f6edc3ff8b5069e049d8586194980db0f468bbf921601fb,html,webgpu,HybridSplash — Developer Foam Surface System v11,1,,ocean.zip (Sep 26)
ocean,hybridsplashFable_planet (4).html,180942,4fb55d0e65f2e95ae13ed723f756cd5af726c20d0ab5e44c8a2c09c999e262ba,html,webgpu,HybridSplash — WebGPU Hybrid Ocean,1,,ocean.zip (Sep 26)
ocean,FLIP_INTEGRATION_PLAN.md,15991,52d592f0218389b79895343bfc2c76eb2b2d6b02b140e47a952393f8d6d164dc,doc,,,1,,ocean.zip (Sep 26)
ocean,hybridsplashFable_planet_underwater_receiver_v29_fixed.html,259406,e499b0d116e9ec8bf00d6a2d444bd96a073965b169e2780a757480262b422367,html,webgpu,HybridSplash — Hyperreal Foam State Debug v25,1,,ocean.zip (Sep 26)
ocean,hybridsplashFable_planet_app_pages_v38.html,408351,d2c51c2fa026b2e7b777e47647cc611314bfd16165b57660a001b1ec5d14e1c1,html,webgpu,HybridSplash — Canonical UI Shell v35,1,,ocean.zip (Sep 26)
ocean,AQUA_DEVELOPER_COCKPIT_COHESION_ALERTS_PASS7_NOTES.md,3480,7ec1b372ea86cf488abba12676d2ad216b8c35995b6618bae97cf5fb9d3047d5,doc,,,1,,ocean.zip (Sep 26)
ocean,hybridsplashFable_planet_foam_continuous_material_v24.html,243100,662c720998636d6a192a71213790ff2341f03bc7fe0e7aca363d8828d97ba75f,html,webgpu,HybridSplash — Developer Foam Surface System v11,1,,ocean.zip (Sep 26)
ocean,hybridsplashFable_planet_underwater_receiver_v29_fixed2.html,256208,77ec83d2dbe1beb4c437b1767cc72d0fcf3b790aa31ca8d3dba963eed2ca2e4f,html,webgpu,HybridSplash — Hyperreal Foam State Debug v25,1,,ocean.zip (Sep 26)
ocean,AQUA_HF_DEFAULT_OFF_IDE_FIELD_REPAIR_PASS13_NOTES.md,3079,b39839218120339265636490bd6d4f639e8dfebf752f244eaab62cee5c9809f5,doc,,,1,,ocean.zip (Sep 26)
ocean,hybridsplashFable_planet_real_app_pages_v39.html,431362,f5f3a21fa18866d576007953d5381e4d0d9c4bcdbed5d6eb1a2faced9c6acbe5,html,webgpu,HybridSplash — Canonical UI Shell v35,1,,ocean.zip (Sep 26)
ocean,hybridsplashFable_planet_painted_foam_history_v10.html,205693,e2945293b2d300ca258a92a7e80e2cee52dec4df13cc23dab6cee2412aaa23fc,html,webgpu,HybridSplash — Foam Deposits System v8,1,,ocean.zip (Sep 26)
ocean,hybridsplashFable_planet (11).html,193101,b0112dd6b3ed8f74ad513e8713e153263375d1677424391fb9db07359c996f1a,html,webgpu,HybridSplash — WebGPU Hybrid Ocean,1,,ocean.zip (Sep 26)
ocean,hybridsplashFable_planet (6).html,186799,6d03da7a5a5e54e96c2d7a4e05d720174855bde3762c03b44be81547e54755d0,html,webgpu,HybridSplash — WebGPU Hybrid Ocean,2,,ocean.zip (Sep 26)
ocean,hybridsplashFable_planet_wave_authority_v37.html,384271,212f600d176330ecf61ffc5a42cb430fc1ed063497b34b6eced278af534da504,html,webgpu,HybridSplash — Canonical UI Shell v35,1,,ocean.zip (Sep 26)
ocean,hybridsplashFable_dev_panel.html,135332,aa7bc57c9290071445e5fded8ad6e931c891b6ce2e3d60c9c95779efe2296d68,html,webgpu,HybridSplash — WebGPU Hybrid Ocean,1,,ocean.zip (Sep 26)
ocean,hybridsplashFable_planet_dev_pages_v43.html,401309,5d39a7e93f492512e1683d5c560dd8c95d6e1661409afe5c9e63e409f02f0c7a,html,webgpu,HybridSplash — Canonical UI Shell v35,1,,ocean.zip (Sep 26)
ocean,hybridsplashFable_planet_planning_page_v41.html,491090,39028b91bf5f2c364e92e3d0dd4b80fbf3fbc26ded4908f60471bba1cab609ec,html,webgpu,HybridSplash — Canonical UI Shell v35,1,,ocean.zip (Sep 26)
ocean,hybridsplashFable_planet (12).html,197510,55270f15ccc759a7944e697609b3e5653d05b2724c7d5f5cbeffe112e88193c6,html,webgpu,HybridSplash — WebGPU Hybrid Ocean,1,,ocean.zip (Sep 26)
ocean,hybridsplashFable_crest_lifecycle.html,122883,64c6feaf3d7e942ef8a3b19dc9c945c6d9d67001a1ccdcd237c542af6d50fa40,html,webgpu,HybridSplash — WebGPU Hybrid Ocean,1,,ocean.zip (Sep 26)
ocean,hybridsplashFable_planet_edge_swatch_v20.html,234187,ad9a0b77486ad40ef26f380452d0631bf023615c55ac81cde393d470e6be2fb8,html,webgpu,HybridSplash — Developer Foam Surface System v11,1,,ocean.zip (Sep 26)
ocean,hybridsplashFable_moana_runup.html,125142,9a98bedb6b0135907687d8d5fcf754d6eac4fbd85292d7fce840a11b8e196a46,html,webgpu,HybridSplash — WebGPU Hybrid Ocean,1,,ocean.zip (Sep 26)
ocean,hybridsplashFable_planet (5).html,182955,79e6001b0c170f8c6920c7a65c59cabe610ad0dc9d419d3f688c4e1b34f81b84,html,webgpu,HybridSplash — WebGPU Hybrid Ocean,1,,ocean.zip (Sep 26)
ocean,hybridsplashFable_planet.html,169425,022d748be1bbb19a98fdec66e599fd0c83e6769022aa63638e99f5c66c1e662e,html,webgpu,HybridSplash — WebGPU Hybrid Ocean,1,,ocean.zip (Sep 26)
ocean,hybridsplashFable_fixed.hf_nyquist_buzz_isolation_candidate.html,124971,a83fbaa0bece80da706f3d7fd1c4c9fa92a156e381b57c967f5204e4cacc8da1,html,webgpu,HybridSplash — WebGPU Hybrid Ocean,1,,ocean.zip (Sep 26)
ocean,hybridsplashFable_planet (3).html,172767,821473d881cecd5ea8ae73b94a686dca48d77952d2bcd728da3a895d73fe16e5,html,webgpu,HybridSplash — WebGPU Hybrid Ocean,1,,ocean.zip (Sep 26)
ocean,WaterPRO_HydroLab_v0_3_3D.html,49576,514a96c526ddc27f229e2e0b8b550d5b6ddb27b657c58abb72ee64e1e47eccd5,html,webgl2,WaterPRO HydroLab v0.3 — 3D Wave System Development Hub,1,,ocean.zip (Sep 26)
ocean,AQUA_SUBSURFACE_ENTRAINMENT_VISUAL_INTEGRATION_PASS2_NOTES.md,2691,e4672f6d0ea6c3620c32186bb0a73a7d2564b46180d55c4f0b18e2fe4584982e,doc,,,1,,ocean.zip (Sep 26)
ocean,AQUA_DYNAMIC_SPHERE_AUTHORITY_PASS5_NOTES.md,3470,888167370ee84a50d9de96f85de1203a73781b1d1514295979c9fdb3f059e5fb,doc,,,1,,ocean.zip (Sep 26)
ocean,hybridsplashFable_planet_surface_flip_foam_v17.html,226644,85f5011dd51482be997a686ff061b80dd88b3e0ead4fa62542081cb1f96978a4,html,webgpu,HybridSplash — Developer Foam Surface System v11,1,,ocean.zip (Sep 26)
ocean,hybridsplashFable_planet_surface_slosh_foam_v18.html,224296,5cab4aaa24e991481226fb7350b3126eec673add3bad89bdb7cfcdd009c898fd,html,webgpu,HybridSplash — Developer Foam Surface System v11,1,,ocean.zip (Sep 26)
ocean,hybridsplashFable_fft_backend.html,228313,a8e864d90e2ca7b674a6aa1506e0c3f2b80804319c861e6cbd49b6119842d6fb,html,webgpu,HybridSplash — WebGPU Hybrid Ocean,1,,ocean.zip (Sep 26)
ocean,AQUA_BFT_SCENARIO_WAVECANON_FIX_NOTES.md,3186,6c32d0a11e5c970f610a9374c3ce43acc7d3a02fab8054d42da84efa7d8eadb1,doc,,,1,,ocean.zip (Sep 26)
ocean,hybridsplashFable_planet_devpanel_setting_tab_icons_v16.html,226501,facf3b9f425f7a2e0575c2c7bbc0e04dcd068eaad547c3b470b2d2c9563780fe,html,webgpu,HybridSplash — Developer Foam Surface System v11,1,,ocean.zip (Sep 26)
ocean,HSF_NSWE_FOAM_CONTROL_AND_HF_NOISE_FAILURE_AUDIT_20260614.md,4166,5c1d497ef579e151804c1e4c409a9d2fc21cceec1a651f0bd2d2689721f7b6f7,doc,,,1,,ocean.zip (Sep 26)
ocean,hybridsplashFable_planet_exact_fresnel_water_v31.html,261571,67eacff07b14e58715230ec9d4cd6df36005c87f402f47ace235aa2959e90264,html,webgpu,HybridSplash — Hyperreal Foam State Debug v25,1,,ocean.zip (Sep 26)
ocean,hybridsplashFable_planet_clean_ui_owner_v42.html,357159,34bfb2e9e0cf2c586c914654ade927bfb591e307f2bedf14993961c7f187d655,html,webgpu,HybridSplash — Canonical UI Shell v35,1,,ocean.zip (Sep 26)
ocean,hybridsplashFable_planet_reference_water_optics_v23.html,242131,4d49c214a137c222eef6f10c0ac78569b9bdee142af1887aac4a57f10ae6722a,html,webgpu,HybridSplash — Developer Foam Surface System v11,1,,ocean.zip (Sep 26)
ocean,hybridsplashFable_planet (1).html,170008,5ae42df5ca59a3daea1dd850cb5e0051c994b2e5d4cbe311815a2f01678d9b66,html,webgpu,HybridSplash — WebGPU Hybrid Ocean,1,,ocean.zip (Sep 26)
ocean,hybridsplashFable_planet (7).html,186799,6d03da7a5a5e54e96c2d7a4e05d720174855bde3762c03b44be81547e54755d0,html,webgpu,HybridSplash — WebGPU Hybrid Ocean,2,ocean:hybridsplashFable_planet (6).html,ocean.zip (Sep 26)
ocean,hybridsplashFable_planet_underwater_receiver_v29.html,259394,ce571740b81ea0f4957d2b8f20ceef7a533d46033138bdc1f57774b8a724a8cb,html,webgpu,HybridSplash — Hyperreal Foam State Debug v25,1,,ocean.zip (Sep 26)
ocean,hybridsplashFable_planet_swash_film_v2.html,189168,65945036d3b9d61d330243b628362a250cb9fba462bb630a67d909cb86e78de1,html,webgpu,HybridSplash — WebGPU Hybrid Ocean,1,,ocean.zip (Sep 26)
ocean,hybridsplashFable_planet_testlab_v34.html,347879,6fd8c22075162ed9472404d19e6eb3526a2b55a1a1bb6f816a08998fc4674b50,html,webgpu,HybridSplash — Isolated Test Lab v34,1,,ocean.zip (Sep 26)
ocean,hybridsplashFable_planet_foam_volume_v6.html,199823,a27bbb563af7ce4156c1f8076a06e76dc1a7da4581d5c042593b8ab50b29c8ec,html,webgpu,HybridSplash — Foam Material System v5,1,,ocean.zip (Sep 26)
ocean,hybridsplashFable_planet_atmospheric_lighting_v30.html,257358,9813c1d06aefc8f6482975e3ea649d6226afe909555d70d785b13f53f6a3e787,html,webgpu,HybridSplash — Hyperreal Foam State Debug v25,1,,ocean.zip (Sep 26)
ocean,hybridsplashFable_obstacles_params.html,127812,458890e41a0c9d732bc10043ff77cb0a32d0c3fd1da9547ef1a4638ea06ffc8c,html,webgpu,HybridSplash — WebGPU Hybrid Ocean,1,,ocean.zip (Sep 26)
ocean,hybridsplashFable_planet_foam_deposits_v8.html,203600,dbff411f253c135383e13dd0e3f8abb691cd9779493b00fe872ab8dac211bc65,html,webgpu,HybridSplash — Foam Deposits System v8,1,,ocean.zip (Sep 26)
ocean,hybridsplashFable_planet_ui_shell_v35_fixed.html,374976,19eb404e215dc32202c0a2c01a7c9312684d7cd2e328bbb59ec7d12bbbbbf828,html,webgpu,HybridSplash — Canonical UI Shell v35,1,,ocean.zip (Sep 26)
ocean,WaterPRO_HydroLab_v0_1.html,39306,31609fe595801e37a115f794a3e6f81c6adff2176a3bd6e99cb00aa790f04a7c,html,,WaterPRO HydroLab v0.1 — Wave System Development Hub,1,,ocean.zip (Sep 26)
ocean,hybridsplashFable_planet_foam_detail_synthesis_v27.html,246074,5438de82b992f11ef3093154b1dfbcd15a527971d036bae541ab9b2724b795e7,html,webgpu,HybridSplash — Hyperreal Foam State Debug v25,1,,ocean.zip (Sep 26)
ocean,AQUA_HEIGHTFIELD_FEEDBACK_STABILITY_FIX_NOTES.md,3477,36394fdc2b4d37d7e0081d513cfcdaea88b1f832ba83cdb0d6535684b65ab665,doc,,,1,,ocean.zip (Sep 26)
ocean,hybridsplashFable_nswe_shoreline.html,118846,278754c5b840f5b8b50e027604132ad84a2eb2dc5a253d75dad2346b6f59a5c0,html,webgpu,HybridSplash — WebGPU Hybrid Ocean,1,,ocean.zip (Sep 26)
ocean,hybridsplashFable_planet_devpanel_quality_v14.html,221573,987f8b7efc6e0f9d0871da40e6300d6b6e7fbb7fe9fb64e03faae5151736d67b,html,webgpu,HybridSplash — Developer Settings Architecture v14,1,,ocean.zip (Sep 26)
ocean,hybridsplashFable_waterpro_phase07.html,365317,5e9741dd195df72c64f68cc5ebb05c7a9f4c6227c6cafef44f7ecb66754d540f,html,webgpu,HybridSplash — WebGPU Hybrid Ocean,1,,ocean.zip (Sep 26)
ocean,hybridsplashFable_planet_ui_consolidation_v33.html,313377,8839b321004e8df6c726a54d0119befd818145ba97baf55ac4d1a3ee3acd9d42,html,webgpu,HybridSplash — Consolidated Control Console v33,1,,ocean.zip (Sep 26)
ocean,AQUA_HEIGHTFIELD_MLSMPM_PASS2_NOTES.md,4426,bd023cc00d422f1c8c082ebf10a82cea9a0e05d8da479a0efe5f31f1dfcc58ba,doc,,,1,,ocean.zip (Sep 26)
hs_audit,HYBRIDSPLASH_RELATIONSHIP_MATRIX_DASHBOARD_PREVIEW.png,601449,b7d5b3f3fabe60763e45fea2ba2c839d418a1b491340931eadc6c622fdaa1cd4,image,,,1,,HYBRIDSPLASH_RELATIONSHIP_AUDIT_BUNDLE.zip (Sep 26)
hs_audit,HYBRIDSPLASH_RELATIONSHIP_MATRIX_AUDIT.xlsx,183409,f9e9ee68b02b47fb140c30586237efb3850b0dbb7552c7d0ab1e7c788e134ae2,data,,,1,,HYBRIDSPLASH_RELATIONSHIP_AUDIT_BUNDLE.zip (Sep 26)
hs_audit,hybridsplash_relationship_audit/relationship_audit_summary.json,2194,b1c78ee3fc05758c4fc9257d5358bc4242be5a6c23f47d8b89f8b2dfb2760790,data,,,1,,HYBRIDSPLASH_RELATIONSHIP_AUDIT_BUNDLE.zip (Sep 26)
hs_audit,hybridsplash_relationship_audit/regression_map.csv,1515,adc14ce165df40634673ee33094253d80ee44dfa42b5174f164ee45d3e832173,data,,,1,,HYBRIDSPLASH_RELATIONSHIP_AUDIT_BUNDLE.zip (Sep 26)
hs_audit,hybridsplash_relationship_audit/version_feature_matrix.json,486065,a1415c098547c21d80bde078ae07602c5a10c7b2f338cc331e3196863266ffd5,data,,,1,,HYBRIDSPLASH_RELATIONSHIP_AUDIT_BUNDLE.zip (Sep 26)
hs_audit,hybridsplash_relationship_audit/similarity_top_neighbors.csv,579958,20b5873e654d4cc8c0238718468fa192c98016276db7e0bddf259d590be186eb,data,,,1,,HYBRIDSPLASH_RELATIONSHIP_AUDIT_BUNDLE.zip (Sep 26)
hs_audit,hybridsplash_relationship_audit/support_docs_matrix.csv,12936,a9ab773b60168c7d4662faf193bb90708e27898351f7a2a3942ce8ce165a24be,data,,,1,,HYBRIDSPLASH_RELATIONSHIP_AUDIT_BUNDLE.zip (Sep 26)
hs_audit,hybridsplash_relationship_audit/subsystem_candidate_matrix.csv,87823,d67d37da22d0542fa840bbb7f841abd780beef1ccf7d9c63c36ea3eb0cabe707,data,,,1,,HYBRIDSPLASH_RELATIONSHIP_AUDIT_BUNDLE.zip (Sep 26)
hs_audit,hybridsplash_relationship_audit/relationship_edges.csv,22834,0f2f0e100313d839767ee407f383534e6a79c57a1ce52a9d6ce5de1b5781d703,data,,,1,,HYBRIDSPLASH_RELATIONSHIP_AUDIT_BUNDLE.zip (Sep 26)
hs_audit,hybridsplash_relationship_audit/pairwise_feature_jaccard_matrix.csv,106282,d9edf3c784070d8af8b15d4c91c9333c0bdfb9d8fe4e4c5e8869dfc9992a5a4e,data,,,1,,HYBRIDSPLASH_RELATIONSHIP_AUDIT_BUNDLE.zip (Sep 26)
hs_audit,hybridsplash_relationship_audit/HYBRIDSPLASH_RELATIONSHIP_MATRIX_REPORT.md,58181,82adb0b905f987befc3e496bbb0a692446c0f0abf7d11d327146d86cd92ccf50,doc,,,1,,HYBRIDSPLASH_RELATIONSHIP_AUDIT_BUNDLE.zip (Sep 26)
hs_audit,hybridsplash_relationship_audit/branch_clusters.csv,9478,8f1473983e415c8cc37a670d4ff3521e1b9c25cbd24d5f859a8e0f86cf6a0bad,data,,,1,,HYBRIDSPLASH_RELATIONSHIP_AUDIT_BUNDLE.zip (Sep 26)
hs_audit,hybridsplash_relationship_audit/hybridsplash_branch_graph.dot,25860,2ef91f2c207a72cc95570c2169c99a39a8085eaeccb5224e926b0ac4fb09c3a3,data,,,1,,HYBRIDSPLASH_RELATIONSHIP_AUDIT_BUNDLE.zip (Sep 26)
hs_audit,hybridsplash_relationship_audit/version_feature_matrix.csv,221911,d8580b70f832cb1216e5e6c502f8d454eb28e800d5b1cb1f97ab1fffd76b52c8,data,,,1,,HYBRIDSPLASH_RELATIONSHIP_AUDIT_BUNDLE.zip (Sep 26)
deep_research,deep-research-report_LOD_texture.md,21842,078c1b8b3c3f662c94326a3c451806680bde69b6f99b3deba833b253937cf424,doc,,,1,,deep_research.zip (Sep 26)
deep_research,deep-research-report_layered_terrain.md,34028,9868d0fe1af79dd0e1dabde97323e8aec6b26970b13d8e4e89015ab741ddd3d1,doc,,,1,,deep_research.zip (Sep 26)
deep_research,deep-research-report_LOD_atmosphere.md,14768,779acd05bc305f82b47a4a515fc0cf512001245305b6d0fed5399a5addfdeff4,doc,,,1,,deep_research.zip (Sep 26)
deep_research,deep-research-report_LOD2.md,20482,fd58fe7408e785a0f8d1f637f710cbe1ca6946dcf9ef4ab47acb753b94d6febe,doc,,,1,,deep_research.zip (Sep 26)
deep_research,deep-research-report.md,41627,dd22025d678f98a4894ad311b141b71f149a4191b97e1d015b62d6402ef9b378,doc,,,1,,deep_research.zip (Sep 26)
deep_research,deep-research-report_Space2Ground.md,42312,b89eaec7f45cf25ff99bfef2758a1c421c5cbd7b280b13d0aef70b3aee38fd94,doc,,,1,,deep_research.zip (Sep 26)
deep_research,deep-research-report_Cities+architecture.md,39392,c140bb7eb5633347b4ccea74517620f16218af29a462024c14488ab42543efb2,doc,,,1,,deep_research.zip (Sep 26)
deep_research,deep-research-report_LOD_foliage.md,18398,1eb9fb592a5fd366a39b80e5cd0c36f5cf119193689bba204f8bf914929dc3b6,doc,,,1,,deep_research.zip (Sep 26)
deep_research,deep-research-report_Space2Ground_B.md,35582,6ee38465f5102889e71340168df9c09ae021fb7331dc373420ccaa1bad368e9b,doc,,,1,,deep_research.zip (Sep 26)
deep_research,deep-research-report_LOD_clouds.md,22816,e7f2ff9ff2746f2855e682d6aae747775311fffdf0e83a1e1776360ada2c623b,doc,,,1,,deep_research.zip (Sep 26)
deep_research,deep-research-report_LOD_hydrology.md,22153,0a3a3687d823dc7ce6d0f5f136298b822b0a906b0a98dcac00b07b02aaba02ab,doc,,,2,01_CURRENT:JIT_M3_R22/research/JIT-Splash-M1/references/uploads/08-deep-research-report_LOD_waves-water.md,deep_research.zip (Sep 26)
deep_research,deep-research-report_LOD_lighting.md,23806,b36b1199af41909b79fbe4fe090a95b046dbe176286a72f3a93ed8b5d967df76,doc,,,1,,deep_research.zip (Sep 26)
deep_research,hybridsplash_water_engine_technical_paper.md,52097,7102c40a8abe314e0373117d6752e74a15b57a6a9d23e80a1bb79998e43d390f,doc,,,1,,deep_research.zip (Sep 26)
deep_research,TERRAFORGE_MASTER_DOMAIN_ATLAS_v0_2_candidate.md,54699,7c4c2e239ff7fc28dcde46b025908dd2fb2a508390c811bb911d6a31287c05aa,doc,,,1,,deep_research.zip (Sep 26)
deep_research,terrain_layer_system_deep_dive_v6_expanded/COMPOSITOR_MATH_AND_EVALUATION_ORDER_V6.md,1566,b129a22ef5aba0d12dcc00e000ded2b08b03328a7fdf5d84d57b943f3b2b496b,doc,,,1,,deep_research.zip (Sep 26)
deep_research,terrain_layer_system_deep_dive_v6_expanded/PERSISTENCE_UNDO_RECEIPTS_V6.md,2088,6413c00bc813a093ac27a8e128525ade61e974df3871d1ae5b781b786b638a46,doc,,,1,,deep_research.zip (Sep 26)
deep_research,terrain_layer_system_deep_dive_v6_expanded/DOCUMENT_INDEX_V6_COMPLETE.md,2863,e1eb8b30ccb87a57bf456dd91f2c76844251a592455bc5f30558325acadefb87,doc,,,1,,deep_research.zip (Sep 26)
deep_research,terrain_layer_system_deep_dive_v6_expanded/SELECTOR_SOURCE_SPACES_AND_FEEDBACK_CONTROL_V6.md,2199,197911ac541c033e8d37b2e558e4eb506bac9330045c2318ce33db3b87fb0aa9,doc,,,1,,deep_research.zip (Sep 26)
deep_research,terrain_layer_system_deep_dive_v6_expanded/EXTERNAL_RESEARCH_REFERENCES_V6.json,1386,d100a03c3ce59a500c6ae555778f5608704516bf67f56f6dec95a1b99c8e8916,data,,,1,,deep_research.zip (Sep 26)
deep_research,terrain_layer_system_deep_dive_v6_expanded/CURRENT_TO_TARGET_ALIGNMENT_V6.csv,1413,b30f3508665ad30e6b2e4cbe7f611bc213c7b574fa313bd5d37c9768f158e1b9,data,,,1,,deep_research.zip (Sep 26)
deep_research,terrain_layer_system_deep_dive_v6_expanded/FUNCTION_SEMANTIC_INDEX_V6.csv,10017,cb6bec7082e27656e7ef4df62e1be4c88b63e884b020d448efd264d54b95852f,data,,,1,,deep_research.zip (Sep 26)
deep_research,terrain_layer_system_deep_dive_v6_expanded/IMPLEMENTATION_SLICES_V6.md,1914,4d95f59ad2c3b74b5e8ca6dbae96457baba2c0ae6ef7f5c9a8d0efbe5a6db956,doc,,,1,,deep_research.zip (Sep 26)
deep_research,terrain_layer_system_deep_dive_v6_expanded/RECEIPT_V6.md,627,4e83564bc12ec93fec43e2b6a716988e8404467fc153b99db40cb5343b6d64a8,doc,,,1,,deep_research.zip (Sep 26)
deep_research,terrain_layer_system_deep_dive_v6_expanded/FAKE_COMPLETE_DETECTION_RULES_V6.md,1394,134bfc37d11c711d858c7efb2c81441d1b1d05f30a18680b9fea110409001a33,doc,,,1,,deep_research.zip (Sep 26)
deep_research,terrain_layer_system_deep_dive_v6_expanded/CURRENT_CODE_TRUTH_AND_LINEAGE_V6.md,1825,514f92a7339951e18e5378da6764cc07cba0b406ad0a92deacccf8a452e335eb,doc,,,1,,deep_research.zip (Sep 26)
deep_research,terrain_layer_system_deep_dive_v6_expanded/MANIFEST_V6.json,17386,2064155f6029d17b39057db285d2fa9663fd815701d5a875b04836b4db02bc0c,data,,,1,,deep_research.zip (Sep 26)
deep_research,terrain_layer_system_deep_dive_v6_expanded/V19_CONTROL_OWNER_CLASSIFICATION_V6.json,119070,cc68b4a689029762120fd49561500a9880fc5a76fa718f2881547e6a8c402595,data,,,1,,deep_research.zip (Sep 26)
deep_research,terrain_layer_system_deep_dive_v6_expanded/SOURCE_MANIFEST_V6.json,1759,806ebe8f41178fa1a3a24ac45bc4a64dc16023db3a3538cb813eac1b621f66d9,data,,,1,,deep_research.zip (Sep 26)
deep_research,terrain_layer_system_deep_dive_v6_expanded/TERRAIN_LAYER_SYSTEM_TARGET_SCHEMA_V6.json,4077,f153c2a7ab49eb6303df5d95dd0b18d8ffc05007d39f4bee0b2dd6dc102cad8f,data,,,1,,deep_research.zip (Sep 26)
deep_research,terrain_layer_system_deep_dive_v6_expanded/TERRAIN_LAYER_SYSTEM_DEEP_DIVE_V6.md,4594,6862084d8ef35fb95ed5e627ad3a872a93f06a5bd311dc5ff44250c13624d589,doc,,,1,,deep_research.zip (Sep 26)
deep_research,terrain_layer_system_deep_dive_v6_expanded/AI_BUILDER_CONTRACT_V6.md,1398,7183bf30fabf214059dc6775bf6913cd6ae86b2f87c891701f41e7ea52cd3eff,doc,,,1,,deep_research.zip (Sep 26)
deep_research,terrain_layer_system_deep_dive_v6_expanded/SOURCE_EVIDENCE_INDEX_V6.csv,155422,83c9f4520cb777b5d8a6470c44c78fabf549e56a195e6267f76e4c9b85b0a4bb,data,,,1,,deep_research.zip (Sep 26)
deep_research,terrain_layer_system_deep_dive_v6_expanded/V19_CONTROL_GROUP_SUMMARY_V6.md,1388,c5e33db6aad21c2342fba09b792c0bed90370b8afcc42b43972ddd1580d01dc3,doc,,,1,,deep_research.zip (Sep 26)
deep_research,terrain_layer_system_deep_dive_v6_expanded/CURRENT_CODE_FORENSIC_TRUTH_V6.md,2557,7fc678afdc58e62c27aaabaac76a5659ba9ae46a2d89a11cd2fe5c0498528954,doc,,,1,,deep_research.zip (Sep 26)
deep_research,terrain_layer_system_deep_dive_v6_expanded/TERRAIN_WORLD_CHANNEL_TAXONOMY_V6.md,2160,d0c3c7a49abcc36429a3cf0281ad00ab3daed8ac6225862450f23e0ef5c82c5b,doc,,,1,,deep_research.zip (Sep 26)
deep_research,terrain_layer_system_deep_dive_v6_expanded/FAKE_COMPLETE_RULES_V6.json,1380,0d91e141195165dae99602cefad1f16d09ad33fad9a5b6a9dd01ba7dec58c712,data,,,1,,deep_research.zip (Sep 26)
deep_research,terrain_layer_system_deep_dive_v6_expanded/LINEAGE_STATIC_EVIDENCE_V6.csv,1081,0f350394eb820c8ca13e980c9ad6b81d7c77c8804f2590de837322d5c5de1aa8,data,,,1,,deep_research.zip (Sep 26)
deep_research,terrain_layer_system_deep_dive_v6_expanded/SOURCE_FORENSIC_STATS_V6.csv,1525,7402dc2b32166b182eb00442c8839f9f7f155d6e7c4fb793426660cd3cc237d7,data,,,1,,deep_research.zip (Sep 26)
deep_research,terrain_layer_system_deep_dive_v6_expanded/MANIFEST_V6_COMPLETE.json,12975,3f664386c2b6090471ab8ed4edb47f261e48e47765173a108bd41ab1a8252852,data,,,1,,deep_research.zip (Sep 26)
deep_research,terrain_layer_system_deep_dive_v6_expanded/BELOW_STACK_EVALUATION_AND_FEEDBACK_AVOIDANCE_V6.md,1904,d1fff7609acb9591e0582c19a01f500069c82c3a14ccb5370394dad96b4ce27c,doc,,,1,,deep_research.zip (Sep 26)
deep_research,terrain_layer_system_deep_dive_v6_expanded/RECEIPT_V6.json,606,f632006355d3267361c688fb2875dd89aa950f721957c8b38e7acd17d3c37e0f,data,,,1,,deep_research.zip (Sep 26)
deep_research,terrain_layer_system_deep_dive_v6_expanded/RELATIONSHIP_MATRIX_V6.json,14092,8a5e89b8e7518a9603148fbcc92e37d711f9d30c63668de6a16b3966b32b21aa,data,,,1,,deep_research.zip (Sep 26)
deep_research,terrain_layer_system_deep_dive_v6_expanded/UI_UX_PHOTOSHOP_TERRAIN_WORKFLOW_V6.md,2230,f2ca9eb425e8a1295f5d661224a22535405cac4c96b1c3789b0dd1398d86f04a,doc,,,1,,deep_research.zip (Sep 26)
deep_research,terrain_layer_system_deep_dive_v6_expanded/IMPLEMENTATION_PATCH_SLICES_V6.md,2398,a04f029a677fe8850e69a1946eb938cd3736a1b23de0ab9784270826d9a916bd,doc,,,1,,deep_research.zip (Sep 26)
deep_research,terrain_layer_system_deep_dive_v6_expanded/GPU_RUNTIME_PRODUCT_COMPILER_V6.md,1194,e3495f4505b22b80db85642a1e0f9ac05e5c9fc29d4c940e047be154c5eb6b84,doc,,,1,,deep_research.zip (Sep 26)
deep_research,terrain_layer_system_deep_dive_v6_expanded/SOURCE_EVIDENCE_INDEX_V6.md,862,7242125033d32dbe53a7a835fc4d602d5cd2f125d0f09a4af394e11c21f94c2b,doc,,,1,,deep_research.zip (Sep 26)
deep_research,terrain_layer_system_deep_dive_v6_expanded/OPERATIONAL_DIAGRAMS_V6.md,1409,de62724ae93c0a528c1d075bf333f9190fe547c53e2bb02435916efcbb891af0,doc,,,1,,deep_research.zip (Sep 26)
deep_research,terrain_layer_system_deep_dive_v6_expanded/LAYER_COMPOSITION_ALGEBRA_V6.md,2655,9d199bfc43c77b641b0f7d6146949c22d46249ca10038dbd4a88fc1acec76c04,doc,,,1,,deep_research.zip (Sep 26)
deep_research,terrain_layer_system_deep_dive_v6_expanded/RELATED_SYSTEMS_RESEARCH_SYNTHESIS_V6.md,6351,a685dd6302aa137679973c2853339225fdb7f32107249b2005ba4c8442e84f3f,doc,,,1,,deep_research.zip (Sep 26)
deep_research,terrain_layer_system_deep_dive_v6_expanded/LAYER_MASK_GRAPH_DSL_V6.md,1222,cc7ca4e38c5687fa00fef0f6621162010b3f0548167b9ab24fcf84cbeb7ffbf5,doc,,,1,,deep_research.zip (Sep 26)
deep_research,terrain_layer_system_deep_dive_v6_expanded/RUNTIME_COMPILATION_GPU_PLAN_V6.md,1985,b2affe08c09b3cc57cf06717d4417d0f51a927d7de9f9a21351724b925585852,doc,,,1,,deep_research.zip (Sep 26)
deep_research,terrain_layer_system_deep_dive_v6_expanded/GPU_TEXTURE_STORAGE_AND_PRODUCT_COMPILER_V6.md,1794,48fe31ed6bd9acee7a395aa6e9509f85d05d7f214d1188bd7d5bc621a41a4938,doc,,,1,,deep_research.zip (Sep 26)
deep_research,terrain_layer_system_deep_dive_v6_expanded/ACCEPTANCE_PROOF_MATRIX_V6.md,10409,5d86d3693a925ae47b865c65adae99f1813a53f0f7389058849f623646d795fc,doc,,,1,,deep_research.zip (Sep 26)
deep_research,terrain_layer_system_deep_dive_v6_expanded/TERRAIN_LAYER_SYSTEM_DEEP_DIVE_V6_EXPANDED.md,5009,262c74c9a49eefeb3070eb08bd33be09dd45a9bad59f4941a7e9b68bd39d7b8c,doc,,,1,,deep_research.zip (Sep 26)
deep_research,terrain_layer_system_deep_dive_v6_expanded/ACCEPTANCE_TESTS_V6.json,6239,559c3ea1db47979ca0ced2104a13d60b2600149ed05c5a279e347e750aaa9710,data,,,1,,deep_research.zip (Sep 26)
deep_research,terrain_layer_system_deep_dive_v6_expanded/MASK_GRAPH_NODE_LIBRARY_V6.md,2282,453ae318a2e69fa733cb5bc181731876d3c88592a6a540f6d46c7d32a1d15ea2,doc,,,1,,deep_research.zip (Sep 26)
deep_research,terrain_layer_system_deep_dive_v6_expanded/ACCEPTANCE_TESTS_V6.csv,9388,33f1f69f1fe5e2fccfbbb99b1bf810468e53f50766f1379cc9ec4f7d91372f64,data,,,1,,deep_research.zip (Sep 26)
deep_research,terrain_layer_system_deep_dive_v6_expanded/LAYER_SEMANTICS_ONTOLOGY_V6.md,1122,fac90f9ba62615ca4fb8395828df97c6f7bb4a920d6a772b6e9ff5d491b95bf9,doc,,,1,,deep_research.zip (Sep 26)
deep_research,terrain_layer_system_deep_dive_v6_expanded/SOURCE_FORENSIC_STATS_V6.json,4053,e91c87ed6abb9b565200ee7ecf57653c2d8d1bb4f6188bdde971fd6979bbb33b,data,,,1,,deep_research.zip (Sep 26)
deep_research,terrain_layer_system_deep_dive_v6_expanded/CANONICAL_LAYER_LAWS_V6.md,2189,3888fd826fc1e7ba5f8cdbae470ea44dfea5b6a449c7a6b92e704e5358356aed,doc,,,1,,deep_research.zip (Sep 26)
deep_research,terrain_layer_system_deep_dive_v6_expanded/CONTINUITY_INDEX_V6.json,3817,078d3755759eab429ead9a91733b1b729e356cd96714ef5f9cada929db3ffa6f,data,,,1,,deep_research.zip (Sep 26)
deep_research,terrain_layer_system_deep_dive_v6_expanded/EVALUATOR_PSEUDOCODE_V6.ts,1510,2a749d90f42b4a66d834ed6d9545af9aa757d41c7369c02ba0208cc9b432b2fe,ts,,,1,,deep_research.zip (Sep 26)
deep_research,terrain_layer_system_deep_dive_v6_expanded/RELATIONSHIP_MATRIX_V6.csv,3411,4b3098357be01a38a72b5d6d5c6364edaf778d04108ad611b83b0c82a527a45c,data,,,1,,deep_research.zip (Sep 26)
deep_research,terrain_layer_system_deep_dive_v6_expanded/PARAMETER_PRESET_DOMAIN_ATLAS_V6.md,1575,a38f14c318d65aabb223ccdc8124fb3f2f2bda497d5046c26b6cbe0971d02309,doc,,,1,,deep_research.zip (Sep 26)
deep_research,terrain_layer_system_deep_dive_v6_expanded/LAYER_SYSTEM_TARGET_SCHEMA_V6.json,2461,dd6aaec947218df0fde6efe3a23a9a8e98b19bb3d4c8db2acf33889de637c0ac,data,,,1,,deep_research.zip (Sep 26)
deep_research,terrain_layer_system_deep_dive_v6_expanded/CANONICAL_LAWS_V6.json,2691,dbc2defeb2d8b2568e258b4a469088fe9315c75c05cbae53aec40517e87c25f5,data,,,1,,deep_research.zip (Sep 26)
deep_research,terrain_layer_system_deep_dive_v6_expanded/CURRENT_CODE_FORENSIC_ALIGNMENT_V6.md,2394,6152002ee13af62f2d0a8c5a151123d771d280a598c4c13298dc1c7de6bd9ad7,doc,,,1,,deep_research.zip (Sep 26)
deep_research,terrain_layer_system_deep_dive_v6_expanded/SELECTED_LAYER_ROUTING_LAW_V6.md,2238,66708284fa523aa7711d60f722228d27524bc8d343f34ad32fd960922714d8aa,doc,,,1,,deep_research.zip (Sep 26)
deep_research,terrain_layer_system_deep_dive_v6_expanded/EXTERNAL_SYSTEMS_RESEARCH_SYNTHESIS_V6.md,2274,6627829fed1b70a2ee401ff8fc0d3f615036f6fde4dee07ec6979edeaf40b192,doc,,,1,,deep_research.zip (Sep 26)
deep_research,terrain_layer_system_deep_dive_v6_expanded/SELECTOR_EVALUATION_SPACES_AND_FEEDBACK_V6.md,2197,7e2bf1966b698cb95976a07531cb27dfef7d82d675860fbd9bcea85d832b896e,doc,,,1,,deep_research.zip (Sep 26)
deep_research,terrain_layer_system_deep_dive_v6_expanded/GPU_RUNTIME_PRODUCT_COMPILATION_V6.md,2208,dec3942384321a3f5d712770b652d4cf5c65ff48d8e3aecb1263fc2af10110ed,doc,,,1,,deep_research.zip (Sep 26)
deep_research,terrain_layer_system_deep_dive_v6_expanded/EXTERNAL_RESEARCH_SOURCES_V6.json,2155,9c21f202f43e230bac1d4d441a213e1fcbf892ab221034a56bd691fb61ea0a1d,data,,,1,,deep_research.zip (Sep 26)
deep_research,terrain_layer_system_deep_dive_v6_expanded/MASK_GRAPH_NODE_TAXONOMY_V6.md,2433,f6357a17fce755eaf44776a156b0c8facc9beca18e8bbffcdea28c1f1956df29,doc,,,1,,deep_research.zip (Sep 26)
deep_research,terrain_layer_system_deep_dive_v6_expanded/MIGRATION_PLAYBOOK_FROM_V19_TO_LAYER_STACK_V6.md,1460,1b738e090d4f56d2b5615574316f2976ef440ffbb6125a662a3920cadbc959bf,doc,,,1,,deep_research.zip (Sep 26)
deep_research,terrain_layer_system_deep_dive_v6_expanded/INVARIANT_REGISTER_V6.json,1749,248dfa4a06416ae9ac26895635372aade822de3304e4c641179c6660c3e1975e,data,,,1,,deep_research.zip (Sep 26)
deep_research,terrain_layer_system_deep_dive_v6_expanded/UI_UX_PHOTOSHOP_PROCEDURAL_WORKFLOW_V6.md,1531,08dc2fe71d3b0806393dececfc858df18b737733e52616bee2bb4f39fa45e389,doc,,,1,,deep_research.zip (Sep 26)
deep_research,terrain_layer_system_deep_dive_v6_expanded/terrain_layer_core_types_v6.ts,3959,70ac258de87b0a1fc1201b7628d9720c59ec633b2812ccf26a8c8acc7a5c504c,ts,,,1,,deep_research.zip (Sep 26)
deep_research,terrain_layer_system_deep_dive_v6_expanded/MAP_EDITOR_AND_VISUALIZER_SPEC_V6.md,1744,4873ff4e2221875a413b4073d44d99b6ee3b904d6f9d62dba46696e4c0c9342f,doc,,,1,,deep_research.zip (Sep 26)
deep_research,terrain_layer_system_deep_dive_v6_expanded/ACCEPTANCE_TEST_SUITE_V6.md,5857,79c46d081745c249d61f3cc7a91f83c12f2936dcfb2f27f97bf783f12db944a7,doc,,,1,,deep_research.zip (Sep 26)
deep_research,terrain_layer_system_deep_dive_v6_expanded/MIGRATION_FROM_CURRENT_APP_TO_V6.md,1607,1986c3daf37b242233ce5c5cd39073019e48754aaaaa92041039d5a03e3ec383,doc,,,1,,deep_research.zip (Sep 26)
deep_research,terrain_layer_system_deep_dive_v6_expanded/RISK_REGISTER_V6.csv,2991,2622cc2ae6da96a65c7ae4f2e067efab54c7b90181f7283b67846c766e20144b,data,,,1,,deep_research.zip (Sep 26)
deep_research,terrain_layer_system_deep_dive_v6_expanded/AI_NAVIGATION_MATRIX_V6.md,9410,d780d25404c559aca1987f269f2854c39d026a3ad4f5da163cf609bc4b479fce,doc,,,1,,deep_research.zip (Sep 26)
deep_research,terrain_layer_system_deep_dive_v6_expanded/V19_CONTROL_OWNER_CLASSIFICATION_V6.csv,60046,dde60199719cbdc698e02500620fb829227491bf9edf288655b2c39e29c713ff,data,,,1,,deep_research.zip (Sep 26)
deep_research,terrain_layer_system_deep_dive_v6_expanded/CURRENT_CODE_LINEAGE_EVIDENCE_V6.md,4165,d263e432cf501c2be135abccd51d02201cfc1d4059f4fcbb2a33b9c7fffdf68a,doc,,,1,,deep_research.zip (Sep 26)
deep_research,terrain_layer_system_deep_dive_v6_expanded/CONTROL_ROUTING_AND_STATE_OWNERSHIP_V6.md,2312,a9515c0d7cfc3f0736aa8a1b827c38139bcd8650afe783c60251a0bdf7834e6e,doc,,,1,,deep_research.zip (Sep 26)
deep_research,terrain_layer_system_deep_dive_v6_expanded/COMPOSITOR_MATH_AND_BLEND_MODES_V6.md,1888,321cf56e609c036d3b3f09be0cfea8df02f217ac2158c8d7790341882b3fbb3e,doc,,,1,,deep_research.zip (Sep 26)
deep_research,terrain_layer_system_deep_dive_v6_expanded/TARGET_OBJECT_MODEL_V6.md,2649,25a1370fc473583accbdd56722c238660c7b3813bd1cd91dc850d529d67a1c51,doc,,,1,,deep_research.zip (Sep 26)
deep_research,terrain_layer_system_deep_dive_v6_expanded/SMART_SELECTOR_FIELD_ATLAS_V6.md,1435,657b5895c9a02fdae06669fd76e6b6a1eaf2974ce9587294f24985ff5c264046,doc,,,1,,deep_research.zip (Sep 26)
deep_research,terrain_layer_system_deep_dive_v6_expanded/FAKE_COMPLETE_FAILURE_MODES_V6.md,1134,2acdce6d2008fe146b670017ef5166b61fdcc44d7326f36fd854daf27ba49028,doc,,,1,,deep_research.zip (Sep 26)
deep_research,terrain_layer_system_deep_dive_v6_expanded/SMART_SELECTOR_ARCHITECTURE_V6.md,2288,ae28b2b569344e47b0b95ea9a6669f2d3d25eb247009d814246439ba84080595,doc,,,1,,deep_research.zip (Sep 26)
deep_research,terrain_layer_system_deep_dive_v6_expanded/PATCH_SLICES_TRUTH_REPAIR_V6.md,2163,a9d134f934811d0dda83a883506a08c1a6e6d65db2b36d659c9db208f971de0a,doc,,,1,,deep_research.zip (Sep 26)
deep_research,terrain_layer_system_deep_dive_v6_expanded/OBJECT_MODEL_AND_STATE_OWNERSHIP_V6.md,2659,f87b3bd6cc175d6dacc4d19c5b1693af1d603f7888df85fdae8d69bb3908cc7d,doc,,,1,,deep_research.zip (Sep 26)
deep_research,terrain_layer_system_deep_dive_v6_expanded/README_V6.md,1807,a35e271fa98a14d7b513c7465fa5c8006c177ec8290ea131db9e529e91035e1a,doc,,,1,,deep_research.zip (Sep 26)
deep_research,terrain_layer_system_deep_dive_v6_expanded/UI_UX_PHOTOSHOP_WORKFLOW_V6.md,2393,774e877de4624ef5269181ee2a7cc99e5b766d7d4eec8db1e0cbf39ab2e489b6,doc,,,1,,deep_research.zip (Sep 26)
deep_research,terrain_layer_system_deep_dive_v6_expanded/PERSISTENCE_UNDO_RECEIPT_LEDGER_V6.md,1122,d79b3449e2c208913cc723f8c22b4aa9265b60832a26800a15c41b963c09e5ba,doc,,,1,,deep_research.zip (Sep 26)
deep_research,terrain_layer_system_deep_dive_v6_expanded/RELATED_SYSTEMS_PATTERN_STUDY_V6.md,3682,04f111ab25fbb25bebb2954e57ac3d639acc2a23f77f338547bab0c1aa643658,doc,,,1,,deep_research.zip (Sep 26)
deep_research,terrain_layer_system_deep_dive_v6_expanded/CONTRIBUTION_SYSTEM_AND_AGENT_NAVIGATION_V6.md,1564,83a3da3bc0137e99eed24cec85796ca4512c7d78dd248e48aef24f926380933f,doc,,,1,,deep_research.zip (Sep 26)
deep_research,terrain_layer_system_deep_dive_v6_expanded/BUILDER_TRUTH_REPAIR_PROMPT_V6.md,1692,82374769c2e60043e97d9dc08991b2f904eb354b8e6135e6e26f74f6a0ef120b,doc,,,1,,deep_research.zip (Sep 26)
deep_research,terrain_layer_system_deep_dive_v6_expanded/DOCUMENT_INDEX_V6.md,1340,a90d5b546212ca8e8303874a2a4a003e348ec9e67aa700ec5d10496b29a4790c,doc,,,1,,deep_research.zip (Sep 26)
deep_research,terrain_layer_system_deep_dive_v6_expanded/BELOW_STACK_FEEDBACK_GUARDS_V6.md,1099,d134af941eed4bff1666a2578c89d8b1e9bb3c31317a5d8ded8eccdd10563f72,doc,,,1,,deep_research.zip (Sep 26)
deep_research,terrain_layer_system_deep_dive_v6_expanded/MASK_GRAPH_NODE_CATALOG_V6.md,3096,70b684bd4c35cffea1b2f82a3189875617db48dcd7522b9d45992a360951825c,doc,,,1,,deep_research.zip (Sep 26)
deep_research,terrain_layer_system_deep_dive_v6_expanded/types/terrain_layer_core_types_v6.ts,4699,d0efdb01b2870ae860df378c15b2d6bd96215c5c746e19b888eba51921d0006b,ts,,,1,,deep_research.zip (Sep 26)
deep_research,terrain_layer_system_deep_dive_v6_expanded/schemas/acceptance_tests_v6.json,4707,585e046a085e17a88d713b42a547b3cee54fabc7c484e5b3dddf5f7349ca14d5,data,,,1,,deep_research.zip (Sep 26)
deep_research,terrain_layer_system_deep_dive_v6_expanded/schemas/smart_selector_atlas_v6.json,2821,aa7674d3fb40092cab4e9ed695705d7a755dfaf4cb024091546eb791ff90d62a,data,,,1,,deep_research.zip (Sep 26)
deep_research,terrain_layer_system_deep_dive_v6_expanded/schemas/mask_node_library_v6.json,4065,68f074d162df2dab8ea5519f96179bbd0fb2fe2e932f0b416b146de29d091213,data,,,1,,deep_research.zip (Sep 26)
deep_research,terrain_layer_system_deep_dive_v6_expanded/schemas/source_manifest_v6.json,1642,386665dc8a19fbdea72e0df01cd576ffa124d3aa3a48a2e62091d5d17343af5e,data,,,1,,deep_research.zip (Sep 26)
deep_research,terrain_layer_system_deep_dive_v6_expanded/schemas/terrain_layer_system_schema_v6.json,9812,6ea8359a657742b0171370797470f5f068ccccaf22e0ed3ae2948abfa1b9968c,data,,,1,,deep_research.zip (Sep 26)
deep_research,terrain_layer_system_deep_dive_v6_expanded/matrices/smart_selector_atlas_v6.csv,1455,887f1b0ff4eb4e197609225ac442c6b28a4dd8b0bf613648c2e109c5905ce511,data,,,1,,deep_research.zip (Sep 26)
deep_research,terrain_layer_system_deep_dive_v6_expanded/matrices/control_routing_matrix_v6.csv,1871,2552d48acd046f16a73aa7342ab93ca3b438482c46cee9c8a41a3d60e983d7cb,data,,,1,,deep_research.zip (Sep 26)
deep_research,terrain_layer_system_deep_dive_v6_expanded/matrices/relationship_matrix_v6.csv,2006,971167df9350a32ba77c008556359cf057d5a3d4e857244e2fe45086e699e8d4,data,,,1,,deep_research.zip (Sep 26)
deep_research,terrain_layer_system_deep_dive_v6_expanded/matrices/blend_mode_matrix_v6.csv,943,464ec8865e93befa754e5dc083646145023581896c4e7ab17694259ddb56c4ba,data,,,1,,deep_research.zip (Sep 26)
deep_research,terrain_layer_system_deep_dive_v6_expanded/matrices/source_marker_index_v6.csv,4913,6222e79b4304bd4552d7f6a576a8b8935ffcaafab8cbafb20c15fae1475a16ff,data,,,1,,deep_research.zip (Sep 26)
deep_research,terrain_layer_system_deep_dive_v6_expanded/matrices/acceptance_tests_v6.csv,2844,4102f8411b2f93ed2ddcb0cc957ad5159deb94a39a41e5f75f307f8b6c2a141e,data,,,1,,deep_research.zip (Sep 26)
deep_research,terrain_layer_system_deep_dive_v6_expanded/matrices/parameter_domain_atlas_v6.csv,1953,f9181aaae529ff321fa62e812614e6f1cba4761d4e3bf07bae3b81d1201742d5,data,,,1,,deep_research.zip (Sep 26)
deep_research,terrain_layer_system_deep_dive_v6_expanded/matrices/mask_node_library_v6.csv,1902,fdcca340306062b2b804a9d0b07f50745f6f248272ae10cc512f2ef8062a51f1,data,,,1,,deep_research.zip (Sep 26)
deep_research,terrain_layer_system_deep_dive_v6_expanded/prompts/FUTURE_BUILDER_TERRAIN_LAYER_V6_PROMPT.md,1213,a7c3dab113307da3a88c4309f8803b57ef4381d90a0217aa6c6f2ed625a58ef1,doc,,,1,,deep_research.zip (Sep 26)
deep_research,procedural_earth_claude_project_context_v8_SUPPLEMENT_INTEGRATED/README_PROMPT_UPDATE_V7.md,1024,4495446092203227ff19a5b8da32277a128efa5797ac660b60c57091cccc7798,doc,,,1,,deep_research.zip (Sep 26)
deep_research,procedural_earth_claude_project_context_v8_SUPPLEMENT_INTEGRATED/README_PROMPT_UPDATE_V8.md,378,9bf46b013dbd0821ae7b2cb69226ad0f7237c831cdab423ea0e4b333ad9d139a,doc,,,1,,deep_research.zip (Sep 26)
deep_research,procedural_earth_claude_project_context_v8_SUPPLEMENT_INTEGRATED/README.md,1971,e491901e8044d668b460f596da30e691f8c9b2f8709794ef16149428898c7727,doc,,,1,,deep_research.zip (Sep 26)
deep_research,procedural_earth_claude_project_context_v8_SUPPLEMENT_INTEGRATED/manifest.json,1343,9e8fffe6c60ac6ce8e03cc71efff260e21ce2e643afc4721531aebf61f9987b7,data,,,1,,deep_research.zip (Sep 26)
deep_research,procedural_earth_claude_project_context_v8_SUPPLEMENT_INTEGRATED/README_SUPPLEMENT_UPDATE_V8.md,1147,aee64d9e6e399de1c3826ae26f1688c83eeca45d5068bbb179fffaaf4873ed16,doc,,,1,,deep_research.zip (Sep 26)
deep_research,procedural_earth_claude_project_context_v8_SUPPLEMENT_INTEGRATED/02_CANONICAL_IMPLEMENTATION/LOD_STREAMING_RUNTIME_AUTHORITY.md,1682,0074cd474c5ea1112d0bb6d9010b3c9c4332dbfc409933456f74aeb43ebcef3a,doc,,,1,,deep_research.zip (Sep 26)
deep_research,procedural_earth_claude_project_context_v8_SUPPLEMENT_INTEGRATED/02_CANONICAL_IMPLEMENTATION/UI_BINDING_AUTHORITY.md,1867,019463dc9b09e3c5607eb738c8bc0d265d363f1491b51ff1538b0e09da70b252,doc,,,1,,deep_research.zip (Sep 26)
deep_research,procedural_earth_claude_project_context_v8_SUPPLEMENT_INTEGRATED/02_CANONICAL_IMPLEMENTATION/BIOME_FIELD_VARIABILITY_AUTHORITY.md,1212,2d6f3ea354d63e192ade9c7aa3d95be8e0def0f7e30adc568a13454158e9b252,doc,,,1,,deep_research.zip (Sep 26)
deep_research,procedural_earth_claude_project_context_v8_SUPPLEMENT_INTEGRATED/02_CANONICAL_IMPLEMENTATION/ATMOSPHERE_VOLUME_AUTHORITY.md,1827,ee2f4cfdeb2fe69061428ffb6f3a470b34d30e3c5363254d45459e54a1490688,doc,,,1,,deep_research.zip (Sep 26)
deep_research,procedural_earth_claude_project_context_v8_SUPPLEMENT_INTEGRATED/02_CANONICAL_IMPLEMENTATION/GEOLOGIC_AUTHORING_AUTHORITY.md,2083,1847b74087b85d8dd511e8cbd7b18f61d9730a87d77b79e7407583d667e4c5ff,doc,,,1,,deep_research.zip (Sep 26)
deep_research,procedural_earth_claude_project_context_v8_SUPPLEMENT_INTEGRATED/02_CANONICAL_IMPLEMENTATION/MICRO_DETAIL_MATERIAL_AUTHORITY.md,1755,13f296b3475f01f30fa0356d38d0518403e92d306679fb1f4b08ba40b9831138,doc,,,1,,deep_research.zip (Sep 26)
deep_research,procedural_earth_claude_project_context_v8_SUPPLEMENT_INTEGRATED/02_CANONICAL_IMPLEMENTATION/TERRAIN_WATER_RENDERER_AUTHORITY.md,2191,13705193cdc13d956392ca528ece240507b48854612cd2e009c188199e8b73ad,doc,,,1,,deep_research.zip (Sep 26)
deep_research,procedural_earth_claude_project_context_v8_SUPPLEMENT_INTEGRATED/05_OPTIONAL_AUDIT/complete_zip_entry_manifest.csv,15873098,8b6e077e2537cea6dea27b3c9dacef49272d3a495499a4ca7fd62fc6eb3eca63,data,,,1,,deep_research.zip (Sep 26)
deep_research,procedural_earth_claude_project_context_v8_SUPPLEMENT_INTEGRATED/05_OPTIONAL_AUDIT/helixion_nimbus_v59_parameter_index.csv,3986,3ea194ff54f6d90dd6780353757c52740d1c79373797e6c0887cf5b024005e4a,data,,,1,,deep_research.zip (Sep 26)
deep_research,procedural_earth_claude_project_context_v8_SUPPLEMENT_INTEGRATED/05_OPTIONAL_AUDIT/FULL_MANIFEST_OPTIONAL.csv,7148,9ea2a3c6ab02d1d2ffd4beeaa768ca97bf4901f3de3c8f6347bac17e2e50fb34,data,,,1,,deep_research.zip (Sep 26)
deep_research,procedural_earth_claude_project_context_v8_SUPPLEMENT_INTEGRATED/05_OPTIONAL_AUDIT/PACKAGE_MANIFEST_SUMMARY.md,1280,5c64520656a408711eded37ad9bee37a40f1510fe2de7ee6121a8e67bc28f81c,doc,,,1,,deep_research.zip (Sep 26)
deep_research,procedural_earth_claude_project_context_v8_SUPPLEMENT_INTEGRATED/05_OPTIONAL_AUDIT/wgsl_default_parameter_index.csv,5879,72ff2b87721461ca7116c16f8f1400b24ae3dafabd32a9f79156c71b7c11818c,data,,,1,,deep_research.zip (Sep 26)
deep_research,procedural_earth_claude_project_context_v8_SUPPLEMENT_INTEGRATED/05_OPTIONAL_AUDIT/duplicate_zip_hashes.csv,515,d7cb1ba02cb07d700910ee42965184fce16956d75ef9ce94b171636b732f9da8,data,,,1,,deep_research.zip (Sep 26)
deep_research,procedural_earth_claude_project_context_v8_SUPPLEMENT_INTEGRATED/05_OPTIONAL_AUDIT/CHECKSUMS.md,6983,ec7c62e42df0b4632585864f1873970eb00e2ff71a5b0b483d71f852588abbce,doc,,,1,,deep_research.zip (Sep 26)
deep_research,procedural_earth_claude_project_context_v8_SUPPLEMENT_INTEGRATED/05_OPTIONAL_AUDIT/SOURCE_FILE_ROUTING_INDEX.csv,1378,fce4ce72ef3dcd5d3fb5ea7c2d4066d3f706e8cd302634fa5521bc49618b3fb0,data,,,1,,deep_research.zip (Sep 26)
deep_research,procedural_earth_claude_project_context_v8_SUPPLEMENT_INTEGRATED/05_OPTIONAL_AUDIT/canonical_html_function_index.csv,39469,688a11abc877b0ee3f7c1610f8d93916bbd93d7806c1b304ea40d2addc1509c9,data,,,1,,deep_research.zip (Sep 26)
deep_research,procedural_earth_claude_project_context_v8_SUPPLEMENT_INTEGRATED/05_OPTIONAL_AUDIT/package_file_manifest.csv,22133,7786b8e6402f7a8a46eef9cd10f801c6172b11663ff78595bed0eb30f5b3f316,data,,,1,,deep_research.zip (Sep 26)
deep_research,procedural_earth_claude_project_context_v8_SUPPLEMENT_INTEGRATED/05_OPTIONAL_AUDIT/canyon_v42_geologic_editor_controls.csv,5105,651eb4bb5f062d49fa9139cd433f9e70a48563dee363ed593949e18f600ca19f,data,,,1,,deep_research.zip (Sep 26)
deep_research,procedural_earth_claude_project_context_v8_SUPPLEMENT_INTEGRATED/09_SCHEMAS/field_atlas_schema_v5.json,1830,d0e88320b5223fd88bb11a515ba38b707525bbe4f4cf179cd8dc47a6fa151c53,data,,,1,,deep_research.zip (Sep 26)
deep_research,procedural_earth_claude_project_context_v8_SUPPLEMENT_INTEGRATED/09_SCHEMAS/runtime_page_capsule_schema_v2.json,1033,e4e089b7626fc7866dfd68057740b05303a2926f3394efe4de957415562af702,data,,,1,,deep_research.zip (Sep 26)
deep_research,procedural_earth_claude_project_context_v8_SUPPLEMENT_INTEGRATED/09_SCHEMAS/SCHEMA_ROUTING.md,825,32ecbff99c2f40c55e4aff4a583c655c0ff33a838391fde2b2f560465e32d6a8,doc,,,1,,deep_research.zip (Sep 26)
deep_research,procedural_earth_claude_project_context_v8_SUPPLEMENT_INTEGRATED/04_BRANCH_AND_LINEAGE/BRANCH_DIFFS_AND_SUPERSESSIONS.md,1858,a94b4b86f4cf8736ddb45e906f584ee2708953acb035d106a8d8f984825f2d0f,doc,,,1,,deep_research.zip (Sep 26)
deep_research,procedural_earth_claude_project_context_v8_SUPPLEMENT_INTEGRATED/04_BRANCH_AND_LINEAGE/SOURCE_AUTHORITY_ADDENDUM_V8.md,2808,8ab352a881e7a806be6166fc56db649616dedebfc395c8ab9c27aac433f0206c,doc,,,1,,deep_research.zip (Sep 26)
deep_research,procedural_earth_claude_project_context_v8_SUPPLEMENT_INTEGRATED/04_BRANCH_AND_LINEAGE/OLD_SYSTEMS_REDUCED_TO_SUMMARY.md,1347,2dece1c86bba1de743e856459c2c29c709331940bd93a055a20e612ba4f84512,doc,,,1,,deep_research.zip (Sep 26)
deep_research,procedural_earth_claude_project_context_v8_SUPPLEMENT_INTEGRATED/04_BRANCH_AND_LINEAGE/SOURCE_RELATIONSHIP_MATRIX.md,1696,ba9142f79bd18c743d3f234e9307c8697aa0c17470a977e06a5c16baad2afde4,doc,,,1,,deep_research.zip (Sep 26)
deep_research,procedural_earth_claude_project_context_v8_SUPPLEMENT_INTEGRATED/00_ROUTER_START_HERE/ROUTING_DECISION_TREE.md,1120,5e7fb89223389649fe5a6feb97fa238bb33344c990029d190ac5d5265643491c,doc,,,1,,deep_research.zip (Sep 26)
deep_research,procedural_earth_claude_project_context_v8_SUPPLEMENT_INTEGRATED/00_ROUTER_START_HERE/PACKAGE_FILE_MAP.md,1181,f76ee58a36e79a1651b760aa442c9276ee6eceff31b4adbfeffd12a2eb274f53,doc,,,1,,deep_research.zip (Sep 26)
deep_research,procedural_earth_claude_project_context_v8_SUPPLEMENT_INTEGRATED/00_ROUTER_START_HERE/DOMAIN_SCOPE_CLARIFICATION.md,1328,6653359f8bf438f04fb9dcec0116d4be2bfec96929ed0782f9ff5dc56c2fcd31,doc,,,1,,deep_research.zip (Sep 26)
deep_research,procedural_earth_claude_project_context_v8_SUPPLEMENT_INTEGRATED/00_ROUTER_START_HERE/SUPPLEMENTAL_SOURCE_ROUTING_V8.md,6618,50a965a8402b5b1e2408e562cc39132d8ce27d2d42ecedcf681be05782c96d00,doc,,,1,,deep_research.zip (Sep 26)
deep_research,procedural_earth_claude_project_context_v8_SUPPLEMENT_INTEGRATED/00_ROUTER_START_HERE/START_HERE_FOR_CLAUDE.md,3040,4409bba6e47f5bacbff44c905dd780c1a90452f6dd7ac4893810acab397d04da,doc,,,1,,deep_research.zip (Sep 26)
deep_research,procedural_earth_claude_project_context_v8_SUPPLEMENT_INTEGRATED/00_ROUTER_START_HERE/INGESTION_ORDER.md,1907,3020223e7d36e61cc20f9f7ad0752d7729460bafa39b691b857503096e462604,doc,,,1,,deep_research.zip (Sep 26)
deep_research,procedural_earth_claude_project_context_v8_SUPPLEMENT_INTEGRATED/00_ROUTER_START_HERE/SOURCE_AUTHORITY_RULES.md,2347,bda40258aa902cc1c1e5516a3959e440790abeffd57cf53d3838424a56d2fc77,doc,,,1,,deep_research.zip (Sep 26)
deep_research,procedural_earth_claude_project_context_v8_SUPPLEMENT_INTEGRATED/00_ROUTER_START_HERE/WHEN_TO_GO_DEEPER.md,2169,49fcd0e8e22930d53dc66a07717cb80fde96c8bc317f07de5ba07cc27834465b,doc,,,1,,deep_research.zip (Sep 26)
deep_research,procedural_earth_claude_project_context_v8_SUPPLEMENT_INTEGRATED/00_ROUTER_START_HERE/IMPORTANCE_MAP.md,1665,e2e9d15bf1dd49c13fbb60fca232c54f0cd9eec84aebb75aba0fba25a559dd3d,doc,,,1,,deep_research.zip (Sep 26)
deep_research,procedural_earth_claude_project_context_v8_SUPPLEMENT_INTEGRATED/06_OPTIONAL_BUILDER_PROMPTS/PROMPT_FABLE5_REAL_ENGINE_CODE_ONLY_MONOLITH_v8.txt,1794,fea2917e37b879099aea05332fb447070df3530a43ba4221cd5b02ba732d9ee6,doc,,,1,,deep_research.zip (Sep 26)
deep_research,procedural_earth_claude_project_context_v8_SUPPLEMENT_INTEGRATED/06_OPTIONAL_BUILDER_PROMPTS/PROMPT_FABLE5_REAL_ENGINE_MASTER_v8.md,30471,6664ce10e9220fcdcffd7b7f78a72109438dce7584e2814cf3ceb7c2da3643e0,doc,,,1,,deep_research.zip (Sep 26)
deep_research,procedural_earth_claude_project_context_v8_SUPPLEMENT_INTEGRATED/06_OPTIONAL_BUILDER_PROMPTS/PROMPT_PINNACLE_CONTEXT_AND_MONOLITH_DIRECTIVE.md,14261,b399901341480b9ab796f27def36b6659e6349c1aeda257646c9fea69a0bc27e,doc,,,1,,deep_research.zip (Sep 26)
deep_research,procedural_earth_claude_project_context_v8_SUPPLEMENT_INTEGRATED/06_OPTIONAL_BUILDER_PROMPTS/PROMPT_FABLE5_REAL_ENGINE_CONTEXT_FIRST_PLANNING_v8.txt,702,406e55bdedaad746e91dceafa43304ca9ad253bb94d48b78fbbbaa738b69e09a,doc,,,1,,deep_research.zip (Sep 26)
deep_research,procedural_earth_claude_project_context_v8_SUPPLEMENT_INTEGRATED/06_OPTIONAL_BUILDER_PROMPTS/PROMPT_CONTEXT_ONLY_FOR_AI_BUILDER.md,1143,199874da46dceae2e956a38326dbc112efa3c99363745907e05c6abbd2f6fd82,doc,,,1,,deep_research.zip (Sep 26)
deep_research,procedural_earth_claude_project_context_v8_SUPPLEMENT_INTEGRATED/06_OPTIONAL_BUILDER_PROMPTS/PROMPT_FABLE5_REAL_ENGINE_CODE_ONLY_MONOLITH_v7.txt,4146,3c28552fcada787f74f2336d348e80e33a6929f7b40030ff6b076013effdbf01,doc,,,1,,deep_research.zip (Sep 26)
deep_research,procedural_earth_claude_project_context_v8_SUPPLEMENT_INTEGRATED/06_OPTIONAL_BUILDER_PROMPTS/PROMPT_FABLE5_REAL_ENGINE_MASTER_v7.md,26335,0c75a0acd41aa2bfd31693d9b00bdef1427e255d2937fd0eb071295d875b4c12,doc,,,1,,deep_research.zip (Sep 26)
deep_research,procedural_earth_claude_project_context_v8_SUPPLEMENT_INTEGRATED/06_OPTIONAL_BUILDER_PROMPTS/PROMPT_FABLE5_REAL_ENGINE_CONTEXT_FIRST_PLANNING_v7.txt,1257,866b62069c8feb6c04534a0d90f6d05809cd016bb8e529c9a0761dafe8d60fc5,doc,,,1,,deep_research.zip (Sep 26)
deep_research,procedural_earth_claude_project_context_v8_SUPPLEMENT_INTEGRATED/06_OPTIONAL_BUILDER_PROMPTS/PROMPT_OPTIONAL_SELF_DOCUMENTING_MONOLITH.md,2836,99e645388001df053d3382f592adc3ebb0fc58091a6f261888bca2ac50035257,doc,,,1,,deep_research.zip (Sep 26)
deep_research,procedural_earth_claude_project_context_v8_SUPPLEMENT_INTEGRATED/01_CORE_CANON/VOLUMETRIC_TERRAIN_BEYOND_HEIGHTFIELDS.md,2388,a10ff19c5b55aa29e206baa56dbee7827e07fc13f9ef502674e0266e830adfb7,doc,,,1,,deep_research.zip (Sep 26)
deep_research,procedural_earth_claude_project_context_v8_SUPPLEMENT_INTEGRATED/01_CORE_CANON/FIELDATLAS_CAUSAL_MODEL.md,2187,3a19f7f9b92e0fa5af19f396737635e9ee803288b45a603f7dab98c044ae5479,doc,,,1,,deep_research.zip (Sep 26)
deep_research,procedural_earth_claude_project_context_v8_SUPPLEMENT_INTEGRATED/01_CORE_CANON/EARTH_BUILDER_ARCHITECTURE.md,2762,d99d89d7a96c9a2b1d5681852d8ab3cd7d87540304e94e7ec769e86241fcb9ed,doc,,,1,,deep_research.zip (Sep 26)
deep_research,procedural_earth_claude_project_context_v8_SUPPLEMENT_INTEGRATED/01_CORE_CANON/ACCEPTANCE_TARGETS.md,1845,4279fe0d4feaf0ede208430392f9f42667f117d905c1a779bb753eca49de36e6,doc,,,1,,deep_research.zip (Sep 26)
deep_research,procedural_earth_claude_project_context_v8_SUPPLEMENT_INTEGRATED/01_CORE_CANON/PINNACLE_BUILDER_DIRECTIVE.md,1670,84ebed56348b3f5bdd85a620c39d7ba5407c46b94ee94de7267c22bee23c1dfb,doc,,,1,,deep_research.zip (Sep 26)
deep_research,procedural_earth_claude_project_context_v8_SUPPLEMENT_INTEGRATED/01_CORE_CANON/NO_REGRESSION_GATES.md,1976,9fea04227a51eea37e85ce9b78f8a6a5e4456d8cb1d7f565e3bc7c58f5d3db82,doc,,,1,,deep_research.zip (Sep 26)
deep_research,procedural_earth_claude_project_context_v8_SUPPLEMENT_INTEGRATED/01_CORE_CANON/MASTER_PROJECT_CONTEXT.md,3013,a453d62de47dfd74287b0cb99ebeaf0dfe6b1ef1870edc4df9e851663fbaea9d,doc,,,1,,deep_research.zip (Sep 26)
deep_research,procedural_earth_claude_project_context_v8_SUPPLEMENT_INTEGRATED/03_DEEP_SOURCE_LIBRARY/supplemental_2026_02_12/water_ocean_architecture/01_WATER_SIMULATION_ENGINE_ARCHITECTURE_PLAN.md,47039,3da1d907767a7029e2d8133d18e56f7ddcf6f5c9ccbafe583462af3a6374d092,doc,,,1,,deep_research.zip (Sep 26)
deep_research,procedural_earth_claude_project_context_v8_SUPPLEMENT_INTEGRATED/03_DEEP_SOURCE_LIBRARY/supplemental_2026_02_12/weather_phenomena/TERRAIN_WEATHER_PHENOMENA_ZIP_ENTRY_SUMMARY.csv,1666,2eb18b9c2fec289fc4ca96448539db03b7faaa539e20910d758dd1f1f08fcde6,data,,,1,,deep_research.zip (Sep 26)
deep_research,procedural_earth_claude_project_context_v8_SUPPLEMENT_INTEGRATED/03_DEEP_SOURCE_LIBRARY/supplemental_2026_02_12/weather_phenomena/TERRAIN_WEATHER_PHENOMENA_CARDS_DELTA_V1_9.md,16511,9c02c82e676c5ee571434559e8347956b8a38ec184c3cd1227e102e5b2d18b8b,doc,,,1,,deep_research.zip (Sep 26)
deep_research,procedural_earth_claude_project_context_v8_SUPPLEMENT_INTEGRATED/03_DEEP_SOURCE_LIBRARY/supplemental_2026_02_12/weather_phenomena/TERRAIN_WEATHER_PHENOMENA_CARDS_SEED_V1_0.md,183165,d969b4ec32b686766567bcd49304b8bcf539dccd33ffa6101812a0ede9a67ee0,doc,,,1,,deep_research.zip (Sep 26)
deep_research,procedural_earth_claude_project_context_v8_SUPPLEMENT_INTEGRATED/03_DEEP_SOURCE_LIBRARY/supplemental_2026_02_12/physics_reference/25_SHADOW_SYSTEMS.md,45063,fa64cc9a16d067f9c5298cf69c467131b29638731554d83c99e10a4b61397a55,doc,,,1,,deep_research.zip (Sep 26)
deep_research,procedural_earth_claude_project_context_v8_SUPPLEMENT_INTEGRATED/03_DEEP_SOURCE_LIBRARY/supplemental_2026_02_12/physics_reference/31_WEATHER_SYSTEMS.md,66390,6945df7a090a59bfb28d5d99e9d089c634314c52ca4fc6c4cf5deff74de495f3,doc,,,1,,deep_research.zip (Sep 26)
deep_research,procedural_earth_claude_project_context_v8_SUPPLEMENT_INTEGRATED/03_DEEP_SOURCE_LIBRARY/supplemental_2026_02_12/physics_reference/11_WAVE_PHYSICS_DISPERSION.md,22478,f3dbc55daa79a78cc1f762c66dd33908e583edb16a096f233669c5fc56d1f4f3,doc,,,1,,deep_research.zip (Sep 26)
deep_research,procedural_earth_claude_project_context_v8_SUPPLEMENT_INTEGRATED/03_DEEP_SOURCE_LIBRARY/supplemental_2026_02_12/physics_reference/12_OCEAN_WAVE_SYSTEMS.md,24950,404ecd612324ad816d80432ad90a893d9917e35678fec5421b43fe8340476635,doc,,,1,,deep_research.zip (Sep 26)
deep_research,procedural_earth_claude_project_context_v8_SUPPLEMENT_INTEGRATED/03_DEEP_SOURCE_LIBRARY/supplemental_2026_02_12/physics_reference/02_PHYSICAL_CONSTANTS_UNITS.md,19752,e42c59f64f059ff60d479053ebcbc41721706271de8ee02d5090ba36fbe88908,doc,,,1,,deep_research.zip (Sep 26)
deep_research,procedural_earth_claude_project_context_v8_SUPPLEMENT_INTEGRATED/03_DEEP_SOURCE_LIBRARY/supplemental_2026_02_12/physics_reference/01_MATHEMATICAL_FRAMEWORKS.md,30313,b659be2dcbaba7e337aca66450271ed29632f9a41256c07b35b35f70c145cc67,doc,,,1,,deep_research.zip (Sep 26)
deep_research,procedural_earth_claude_project_context_v8_SUPPLEMENT_INTEGRATED/03_DEEP_SOURCE_LIBRARY/supplemental_2026_02_12/physics_reference/00_MASTER_INDEX.md,5824,86ccfb32a9f9b2440c618406536485841c6717437e8a1545a81bc471a88e2b41,doc,,,1,,deep_research.zip (Sep 26)
deep_research,procedural_earth_claude_project_context_v8_SUPPLEMENT_INTEGRATED/03_DEEP_SOURCE_LIBRARY/supplemental_2026_02_12/ui_world_editor/03_MASTER_UI_AND_PLANS_CONSOLIDATION.md,30622,2b3ae6da82341c7c46e801484949771322be31d7b3f5083e96a190c423596237,doc,,,1,,deep_research.zip (Sep 26)
deep_research,procedural_earth_claude_project_context_v8_SUPPLEMENT_INTEGRATED/03_DEEP_SOURCE_LIBRARY/supplemental_2026_02_12/ui_world_editor/07_ION_AND_WORLD_EDITOR_MASTER_MONOLITH.md,49075,447da473a4ae2ac54aad9f08217e23c29b16dba2dbbf6f5b975be091fb172d26,doc,,,1,,deep_research.zip (Sep 26)
deep_research,procedural_earth_claude_project_context_v8_SUPPLEMENT_INTEGRATED/03_DEEP_SOURCE_LIBRARY/supplemental_2026_02_12/volumetrics_lighting_selected/COMPLETE_RENDERING_PIPELINE_DESIGN.md,23130,b22aff27d6fd09f793f46444f10555be00c5e85e26e9dd0f576399824285d216,doc,,,1,,deep_research.zip (Sep 26)
deep_research,procedural_earth_claude_project_context_v8_SUPPLEMENT_INTEGRATED/03_DEEP_SOURCE_LIBRARY/supplemental_2026_02_12/volumetrics_lighting_selected/DEEP_WEATHER_TERRAIN_OPTICS_INTEGRATION.md,112494,9816bc906aa0b3720d47ce7d9dea7e60762e908bbf1ee798cb0e4679ed0d96f2,doc,,,1,,deep_research.zip (Sep 26)
deep_research,procedural_earth_claude_project_context_v8_SUPPLEMENT_INTEGRATED/03_DEEP_SOURCE_LIBRARY/supplemental_2026_02_12/volumetrics_lighting_selected/VOLUMETRICS_CLOUDS_AND_WEATHER_NORTHSTAR_SPEC.md,27781,78f04e04804a0830a23dd4d61e2e8080f03a32015bcc787ef79b111af08290ee,doc,,,1,,deep_research.zip (Sep 26)
deep_research,procedural_earth_claude_project_context_v8_SUPPLEMENT_INTEGRATED/03_DEEP_SOURCE_LIBRARY/supplemental_2026_02_12/volumetrics_lighting_selected/VOLUMETRICS_MASTER_INDEX.md,7984,cf4353bfd9d64993d89d413abd19c6f1f7c6a6830cfa6807161805760388d890,doc,,,1,,deep_research.zip (Sep 26)
deep_research,procedural_earth_claude_project_context_v8_SUPPLEMENT_INTEGRATED/03_DEEP_SOURCE_LIBRARY/supplemental_2026_02_12/volumetrics_lighting_selected/MASTER_VOLUMETRICS_LIGHTING_ENCYCLOPEDIA.md,128199,cd1c506bcb5b663a7e680bd36be71e7ffd17122f1b22672efcab98aaf6641c2f,doc,,,1,,deep_research.zip (Sep 26)
deep_research,procedural_earth_claude_project_context_v8_SUPPLEMENT_INTEGRATED/03_DEEP_SOURCE_LIBRARY/supplemental_2026_02_12/volumetrics_lighting_selected/VOLUMETRIC_LIGHT_SHADOW_GODRAY_COHERENCE.md,12434,4692dec38fefd44609acc49bae1ffea0c32696027d2e445f70217904a1dc1654,doc,,,1,,deep_research.zip (Sep 26)
deep_research,procedural_earth_claude_project_context_v8_SUPPLEMENT_INTEGRATED/03_DEEP_SOURCE_LIBRARY/supplemental_2026_02_12/volumetrics_lighting_selected/SIX_LOD_ATMOSPHERIC_RENDERING_SYSTEM.md,45429,ba5a70cef3974f77db541e3840572c2afff32131410c6fc1873fa7af689d58db,doc,,,1,,deep_research.zip (Sep 26)
deep_research,procedural_earth_claude_project_context_v8_SUPPLEMENT_INTEGRATED/03_DEEP_SOURCE_LIBRARY/supplemental_2026_02_12/volumetrics_lighting_selected/BUILD_READINESS_ASSESSMENT.md,17331,2a737df4a760b6a2f05cb13a23a076051447ddb6dab2d6dba53748b23241bf92,doc,,,1,,deep_research.zip (Sep 26)
deep_research,procedural_earth_claude_project_context_v8_SUPPLEMENT_INTEGRATED/03_DEEP_SOURCE_LIBRARY/supplemental_2026_02_12/volumetrics_lighting_selected/VOLUMETRICS_LIGHTING_ZIP_ENTRY_SUMMARY.csv,3068,68466d414c9b50ac34b0bb40c638bb4c3ab0fe4fcead9cc9b8b718e7e2daca74,data,,,1,,deep_research.zip (Sep 26)
deep_research,procedural_earth_claude_project_context_v8_SUPPLEMENT_INTEGRATED/03_DEEP_SOURCE_LIBRARY/supplemental_2026_02_12/volumetrics_lighting_selected/MASTER_ATMOSPHERE_SYSTEM_MAP.md,24724,a2aefbb5164b694aba6c2b1a94963d3d8df6d4d49e855a6425c7bb24d5d6a80f,doc,,,1,,deep_research.zip (Sep 26)
deep_research,procedural_earth_claude_project_context_v8_SUPPLEMENT_INTEGRATED/03_DEEP_SOURCE_LIBRARY/supplemental_2026_02_12/terrain_lineage/PROCEDURAL_TERRAIN_BUILDS_MASTER_DETECTIVE.md,20505,8373c87948ec55c0fc2ec240a45d54e3a4fcbc41f4c43ca3880bda3cb16198f0,doc,,,1,,deep_research.zip (Sep 26)
deep_research,procedural_earth_claude_project_context_v8_SUPPLEMENT_INTEGRATED/03_DEEP_SOURCE_LIBRARY/supplemental_2026_02_12/terrain_lineage/PROCEDURAL_TERRAIN_BUILDS_MONOLITH.md,30682,90021e716eb02ba102d2013c20fc0bdab620c97c5c16fc0a66cf8f0bd32a7ce7,doc,,,1,,deep_research.zip (Sep 26)
deep_research,procedural_earth_claude_project_context_v8_SUPPLEMENT_INTEGRATED/03_DEEP_SOURCE_LIBRARY/supplemental_2026_02_12/atmosphere_globe_lineage/ATMOSPHERE_BUILDS_MONOLITH.md,65313,2d44652994ea23bafaaf48611a3880b0769527de67e0c7722298751190e6b76e,doc,,,1,,deep_research.zip (Sep 26)
deep_research,procedural_earth_claude_project_context_v8_SUPPLEMENT_INTEGRATED/03_DEEP_SOURCE_LIBRARY/supplemental_2026_02_12/atmosphere_globe_lineage/GLOBE_ATMOSPHERE_VIEW_APPS_INDEX.md,16569,3676b7b7b2caec1fe67dd477f18636f59e2e67db491b2e559e7a596ec61e29a3,doc,,,1,,deep_research.zip (Sep 26)
deep_research,procedural_earth_claude_project_context_v8_SUPPLEMENT_INTEGRATED/03_DEEP_SOURCE_LIBRARY/supplemental_2026_02_12/atmosphere_globe_lineage/ATMOSPHERE_BUILDS_MASTER_DETECTIVE.md,29170,75f26baa9be53883142abe3c68912358b32abdafa61104f002c5e6d295ab63c4,doc,,,1,,deep_research.zip (Sep 26)
deep_research,procedural_earth_claude_project_context_v8_SUPPLEMENT_INTEGRATED/03_DEEP_SOURCE_LIBRARY/branch_diffs/README_BRANCH_DIFFS.md,615,590029bcd36b01d8af50fb45554b2340e782c378a8d8b14821bf5098abbed1df,doc,,,1,,deep_research.zip (Sep 26)
deep_research,procedural_earth_claude_project_context_v8_SUPPLEMENT_INTEGRATED/03_DEEP_SOURCE_LIBRARY/full_sources/wgsl_terrain_water_reference_locked_v5.html,33823,00998c1060c29a1f18ab6c64fe2207affbb91a6005e269eb9c2fbcfe6792fcb3,html,webgpu,WGSL Terrain + Water Reference-Faithful Developer Suite V4,1,,deep_research.zip (Sep 26)
deep_research,procedural_earth_claude_project_context_v8_SUPPLEMENT_INTEGRATED/03_DEEP_SOURCE_LIBRARY/full_sources/canyon_geologic_manual_flyaround_v42_authority_safe_evolution.html,128441,d6a827411860a078e88c1df35d1d4fa378ad5eedac3be3b15b43ca93c34b813e,html,webgl2,Geologic Canyon V42 - Authority-Safe Raymarch Evolution,1,,deep_research.zip (Sep 26)
deep_research,procedural_earth_claude_project_context_v8_SUPPLEMENT_INTEGRATED/03_DEEP_SOURCE_LIBRARY/full_sources/HELIXION_NIMBUS_V59_VOLUMETRIC_PERFECTION.html,308012,1fc69f30639bff77e9a8884943f02ff4f77ad5bac98115595751435c10ae2465,html,webgpu+webgl,HELIXION NIMBUS — V59 Volumetric Perfection · Detail-Preserving Anti-Banding,1,,deep_research.zip (Sep 26)
deep_research,procedural_earth_claude_project_context_v8_SUPPLEMENT_INTEGRATED/03_DEEP_SOURCE_LIBRARY/full_sources/VOLUMETRIC_PERFECTION_ENCYCLOPEDIA.md,9059,5f6729e01e20157403632ca68e7d1c140df10749e6acea9514c81b1564427ea5,doc,,,1,,deep_research.zip (Sep 26)
deep_research,procedural_earth_claude_project_context_v8_SUPPLEMENT_INTEGRATED/03_DEEP_SOURCE_LIBRARY/full_sources/geoscale_terraforge_compare_report.md,21922,50fac880886cc85328c746667206f6b69e3005d9145b6649855f528dbc3c7e01,doc,,,1,,deep_research.zip (Sep 26)
deep_research,procedural_earth_claude_project_context_v8_SUPPLEMENT_INTEGRATED/03_DEEP_SOURCE_LIBRARY/full_sources/wgsl_manual_terrain_water_developer_suite_fixed.html,32898,2d9ead42d4b1f0b038152d7da217a70365a55073dc4b51665caffefb5e55738e,html,webgpu,WGSL Manual Terrain Water Developer Suite,1,,deep_research.zip (Sep 26)
deep_research,procedural_earth_claude_project_context_v8_SUPPLEMENT_INTEGRATED/03_DEEP_SOURCE_LIBRARY/targeted_excerpts/v5_micro_rock_detail_extract.md,1338,43b14624c8c83542ecf840b0ed3b80df1f2cfeffa5f245dd68c16c5317dbed5b,doc,,,1,,deep_research.zip (Sep 26)
deep_research,procedural_earth_claude_project_context_v8_SUPPLEMENT_INTEGRATED/03_DEEP_SOURCE_LIBRARY/targeted_excerpts/canyon_v42_geologic_authoring_extract.md,1537,7b6e705aee159eb06d60323fe7df248b93e187ef69ee871550d01dc2d03b7968,doc,,,1,,deep_research.zip (Sep 26)
deep_research,procedural_earth_claude_project_context_v8_SUPPLEMENT_INTEGRATED/03_DEEP_SOURCE_LIBRARY/targeted_excerpts/v59_volumetric_perfection_extract.md,1490,7812392fc3a0925f61a2fcb810c71a914e6bd688467a66af0baf771e3fc057ca,doc,,,1,,deep_research.zip (Sep 26)
deep_research,procedural_earth_claude_project_context_v8_SUPPLEMENT_INTEGRATED/03_DEEP_SOURCE_LIBRARY/targeted_excerpts/manual_terrain_water_macro_extract.md,1661,368bdfcfdcb0d5444ea963c58b7b9b746834805be28b1052f7b81d8ce7f2211a,doc,,,1,,deep_research.zip (Sep 26)
deep_research,procedural_earth_claude_project_context_v8_SUPPLEMENT_INTEGRATED/03_DEEP_SOURCE_LIBRARY/targeted_excerpts/geoscale_terraforge_architecture_extract.md,1237,dbdfdd822f00a32fd0cb3eff432442dbaa06e2b61a789f3e61a4e1d3df9562d2,doc,,,1,,deep_research.zip (Sep 26)
Particles4All,README.md,2509,a4132b4ae5cc140c1bfcd5d5903cb3393c385ac7256005579dd9bccd85d6cd3e,doc,,,2,01_CURRENT:JIT_M3_R22/public/originals/Particles4All/README.md,Particles4All.zip (Sep 26)
Particles4All,index.html,16748,da59254a1a39d199f48e14ea0a7e21b2f59137c79136bf9860a236df96a91896,html,,Position Based Fluids — WebGPU,2,01_CURRENT:JIT_M3_R22/public/originals/Particles4All/index.html,Particles4All.zip (Sep 26)
Particles4All,LICENSE,1090,149ae286256d79ddf6246cfc9d74a2c3892ff71c5c750af9d4ce1825a86e6dc8,other,,,2,01_CURRENT:JIT_M3_R22/public/originals/Particles4All/LICENSE,Particles4All.zip (Sep 26)
Particles4All,.gitignore,252,960159c59fa5ecc49aa54354ffe93d7ef319ca8bffce09579a08c59545f30b68,other,,,2,01_CURRENT:JIT_M3_R22/public/originals/Particles4All/.gitignore,Particles4All.zip (Sep 26)
Particles4All,netlify.toml,689,b5582e0f8776069d6f25c38b9f9d8c10e7a2488901e1f92ae3cd5fcf38517a87,other,,,2,01_CURRENT:JIT_M3_R22/public/originals/Particles4All/netlify.toml,Particles4All.zip (Sep 26)
Particles4All,src/scene.js,11548,9e93b4cf85cf4ed81eb3b9f44fede2e67ba4162e41af15ef75254bcddd2bba40,js,,,2,01_CURRENT:JIT_M3_R22/public/originals/Particles4All/src/scene.js,Particles4All.zip (Sep 26)
Particles4All,src/sim.js,31865,11efb2efe9876c23b7aab36b1a07615d1fc89ac550bfa7f9db8f5e8feaef02e1,js,,,2,01_CURRENT:JIT_M3_R22/public/originals/Particles4All/src/sim.js,Particles4All.zip (Sep 26)
Particles4All,src/gputimer.js,3643,9d3cee4f5f72410efa484cab85597061e6e42cd9717b8bedee51e7daaa863403,js,,,2,01_CURRENT:JIT_M3_R22/public/originals/Particles4All/src/gputimer.js,Particles4All.zip (Sep 26)
Particles4All,src/mesh_wgsl.js,11594,94ec26c8e730348ca86170e4890a58f6888708c54a55c4da2b70ebd85ac6e107,js,,,2,01_CURRENT:JIT_M3_R22/public/originals/Particles4All/src/mesh_wgsl.js,Particles4All.zip (Sep 26)
Particles4All,src/render.js,12157,37a45489640820703c4ec5f5eb6d909f86a34df427be8dcba47a6c70ddee8347,js,,,2,01_CURRENT:JIT_M3_R22/public/originals/Particles4All/src/render.js,Particles4All.zip (Sep 26)
Particles4All,src/settingsini.js,3427,42c667b85a08132f493ef3ecd9e363d7cd7bad76acfb5f51f574fb42f6d279c6,js,,,2,01_CURRENT:JIT_M3_R22/public/originals/Particles4All/src/settingsini.js,Particles4All.zip (Sep 26)
Particles4All,src/ray_wgsl.js,17747,8d01fcd635c75d51c94c69b182b46cb3ba88c2b2911fa3ac45919cb13cbc36da,js,,,2,01_CURRENT:JIT_M3_R22/public/originals/Particles4All/src/ray_wgsl.js,Particles4All.zip (Sep 26)
Particles4All,src/env.js,8402,e4679597b68274b6a25ee0342a8dd5d1138c6e39aa43c64c679267fb60538f2c,js,,,2,01_CURRENT:JIT_M3_R22/public/originals/Particles4All/src/env.js,Particles4All.zip (Sep 26)
Particles4All,src/solid_wgsl.js,2535,2fcd74ed77a395611582241ba36b192c99f8aa1ff160ff3d802ffc3054a667a0,js,,,2,01_CURRENT:JIT_M3_R22/public/originals/Particles4All/src/solid_wgsl.js,Particles4All.zip (Sep 26)
Particles4All,src/ssfr_wgsl.js,11117,ca41b1d261e23e1f0261ab9286d767295782d2f2049f02bd5998ae27755c4d4e,js,,,2,01_CURRENT:JIT_M3_R22/public/originals/Particles4All/src/ssfr_wgsl.js,Particles4All.zip (Sep 26)
Particles4All,src/aniso_wgsl.js,5002,6450846577787602aff0e6df5a802fae7ec471b465cb5aaaa41e500b05607451,js,,,2,01_CURRENT:JIT_M3_R22/public/originals/Particles4All/src/aniso_wgsl.js,Particles4All.zip (Sep 26)
Particles4All,src/ray.js,3705,0a39ccb1180226143707f8d0707c02235f681312b210e62d34b4892be85de242,js,,,2,01_CURRENT:JIT_M3_R22/public/originals/Particles4All/src/ray.js,Particles4All.zip (Sep 26)
Particles4All,src/mesh.js,17650,5b6ce4cf8a05c4a6b5724e4ff1e8d313380c76dea3d163969b60fb5c2f64a113,js,,,2,01_CURRENT:JIT_M3_R22/public/originals/Particles4All/src/mesh.js,Particles4All.zip (Sep 26)
Particles4All,src/ssfr.js,14300,189c48d7d36dbf31f99753b5f77a787088ae6676b79dcba9d92639f1c1c59430,js,,,2,01_CURRENT:JIT_M3_R22/public/originals/Particles4All/src/ssfr.js,Particles4All.zip (Sep 26)
Particles4All,src/wgsl.js,30519,59d851d14ced431d151bf03020337496c057a213643408a7439ded73ae8ffe31,js,,,2,01_CURRENT:JIT_M3_R22/public/originals/Particles4All/src/wgsl.js,Particles4All.zip (Sep 26)
Particles4All,src/main.js,46448,3f18e26debf3baaa6b7697311a6028bd4873321155279863ed64da1f4b7c40a6,js,,,2,01_CURRENT:JIT_M3_R22/public/originals/Particles4All/src/main.js,Particles4All.zip (Sep 26)
Particles4All,src/solids.js,7058,3f4d469f224260eadc277682a671b14d0911149048f263cca868f958be58a16a,js,,,2,01_CURRENT:JIT_M3_R22/public/originals/Particles4All/src/solids.js,Particles4All.zip (Sep 26)
Particles4All,src/ssfr_composite_wgsl.js,10744,dd0003e37f28d4cc8fccbcc0016951712605c3be46de43aa39f2d5c9d21fe205,js,,,2,01_CURRENT:JIT_M3_R22/public/originals/Particles4All/src/ssfr_composite_wgsl.js,Particles4All.zip (Sep 26)
Particles4All,env/README.md,816,b52807801359e3b155f20c786fd17cdc9a114fd1465ab4df546b159a73e4522f,doc,,,2,01_CURRENT:JIT_M3_R22/public/originals/Particles4All/env/README.md,Particles4All.zip (Sep 26)
Particles4All,env/quarry_cloudy_1k.hdr,1646294,0afb51ae906b74b59e673ab8a2bd2eb939b9eb916ba574bc95c6b1ba921409ed,image,,,2,01_CURRENT:JIT_M3_R22/public/originals/Particles4All/env/quarry_cloudy_1k.hdr,Particles4All.zip (Sep 26)
Particles4All,presets/large.ini,1265,eb424bae0c847d76b91919768ac4c715c83f67c3e6542dd7e82e99d6bba4aa14,data,,,2,01_CURRENT:JIT_M3_R22/public/originals/Particles4All/presets/large.ini,Particles4All.zip (Sep 26)
Particles4All,presets/small.ini,1227,000dbfa14c7db7c5b1c190903986d32a2d50eac6637f33c71fc2e4bfeaee8190,data,,,2,01_CURRENT:JIT_M3_R22/public/originals/Particles4All/presets/small.ini,Particles4All.zip (Sep 26)
Particles4All,presets/medium.ini,1253,b3688cdb5f8108ee83f5a8604c03b6fa254a5828a8797f78e62b00cf4abd806e,data,,,2,01_CURRENT:JIT_M3_R22/public/originals/Particles4All/presets/medium.ini,Particles4All.zip (Sep 26)
Particles4All,docs/small.png,431106,fd4ae99588ed3f9bae64a7e483b4b4736d18219a2f0cec66cfeff3767c2e459a,image,,,1,,Particles4All.zip (Sep 26)
OCEAN_LEAD_R9,README.md,996,7fda70243a37fcd5a0d5c0a7fd6f4c2dc82a879d680c1572fed8c830424f01b8,doc,,,1,,OCEAN_LEAD_R9.zip (Sep 25)
OCEAN_LEAD_R9,AUDIT.md,294,035820f165990229547a3bfa2347958dcb0acec6e574efc9cdb4aaf049159d4e,doc,,,1,,OCEAN_LEAD_R9.zip (Sep 25)
OCEAN_LEAD_R9,source/START_NIMBUS_R9_V1_8_6_MORPHOLOGY_FAMILIES.html,501003,6b2cae6285b95ee7abcca083955a9296528869c9a03b9eda31db48aba77fc5fc,html,webgl2,NIMBUS V1.8.6 — R9.5 Morphology Families,1,,OCEAN_LEAD_R9.zip (Sep 25)
OCEAN_LEAD_R9,evidence/R7_MATCHED_BASELINE.png,1639164,58384039da04bb8232f3550e08d4572cd73a9d56b354ce9be7bc0010bc7213f2,image,,,1,,OCEAN_LEAD_R9.zip (Sep 25)
OCEAN_LEAD_R9,evidence/coupled_receipt.json,139,5f55c43610b5824dde86e4e1e2c29177eb75c3785e9bc73ac3c54aa41c9e9d14,data,,,1,,OCEAN_LEAD_R9.zip (Sep 25)
OCEAN_LEAD_R9,evidence/source_authority_audit.json,919,46998d8156cc9053d2720b00461faa683bf3f2732f35b15d65695dcba28d3e8f,data,,,1,,OCEAN_LEAD_R9.zip (Sep 25)
OCEAN_LEAD_R9,evidence/receipt.json,10764,8adad92e323ad9b5e1751c1f4953c05b4d1ca7d21c3638bed5ab3652fbc5e946,data,,,1,,OCEAN_LEAD_R9.zip (Sep 25)
OCEAN_LEAD_R9,evidence/R9_NIMBUS_NATIVE_COUPLED.png,2039614,9162129e9ca5968e725c660ac3516c2554fb20099cea8f876138fe671a841829,image,,,1,,OCEAN_LEAD_R9.zip (Sep 25)
OCEAN_LEAD_R9,evidence/R9_MATCHED_PROOF_BOARD.png,2486303,1e936012e78d4cf5687a244933943d981c7d169e9830a418861b5c528ee43ca0,image,,,1,,OCEAN_LEAD_R9.zip (Sep 25)
OCEAN_LEAD_R9,candidate/POSEIDON_OPEN_R9_NIMBUS_NATIVE.html,967102,3ce82516a931654973ce91ac7e35ecc21689838f6d58d814610036fd03a8aeaa,html,webgl2,Open Ocean R7 — POSEIDON — R6.4.5 Foam Polarity Correction / Protected Water,1,,OCEAN_LEAD_R9.zip (Sep 25)
OCEAN_LEAD_R1,README.md,3460,fec51c8c5e283a67ce5c429ed125d781c869832600b92e8f5cbe056d6404aafa,doc,,,1,,OCEAN_LEAD_R1.zip (Sep 26)
OCEAN_LEAD_R1,PACKAGE_MANIFEST.json,4904,16afa5c81dff1f41fcbbcbb0083acd36c39f5449be1d738896ce68c1a63f58e9,data,,,1,,OCEAN_LEAD_R1.zip (Sep 26)
OCEAN_LEAD_R1,WORK_ORDERS.json,25167,c222f1c6c7eba3c468855fa0fc048f78a3b6cc95986a7a0fa4cd9a6bbebc1417,data,,,1,,OCEAN_LEAD_R1.zip (Sep 26)
OCEAN_LEAD_R1,NONREGRESSION.json,7735,261902e3babda26ed9191aa7b0237b0c108eee2f7c346b6b464570433b7c744d,data,,,1,,OCEAN_LEAD_R1.zip (Sep 26)
OCEAN_LEAD_R1,ARCHITECTURE.md,7248,e621379108e8348d0f373dc3c178482e7a803dd4339ff470d030fd4b0e7e3365,doc,,,1,,OCEAN_LEAD_R1.zip (Sep 26)
OCEAN_LEAD_R1,baseline_lock.json,2898816,4caaacd8d076fdbb5db1bd4d880a481ece82b88810d1a24543a957945f404261,data,,,1,,OCEAN_LEAD_R1.zip (Sep 26)
OCEAN_LEAD_R1,AUDIT.md,6960,d7ad5a824f1e956bfd49b684dd65c7e8c1b0b11859673f85b7d9d8981bf12734,doc,,,1,,OCEAN_LEAD_R1.zip (Sep 26)
OCEAN_LEAD_R1,templates/submission.json,1253,c8315e3cc902f39e0cf7d49e9b94a2036883668dfde654f6501297887b476635,data,,,1,,OCEAN_LEAD_R1.zip (Sep 26)
OCEAN_LEAD_R1,tools/validate_compiler.py,2288,fdbdcc3af61a165cf989f5651866f6cfe61c324a715e39e6a04edcfb8059f5e4,tool,,,1,,OCEAN_LEAD_R1.zip (Sep 26)
OCEAN_LEAD_R1,tools/lead.py,7725,cd27442e8b0ea499b6032119daaf3362613423402a79cb48b099560b35874f98,tool,,,1,,OCEAN_LEAD_R1.zip (Sep 26)
OCEAN_LEAD_R1,tools/probe_scheduler.mjs,1554,a395bdfb0e293cd51b4e31b1bd36e80b82882c1205b5a3d28b216b049041851c,js,,,1,,OCEAN_LEAD_R1.zip (Sep 26)
OCEAN_LEAD_R1,evidence/compiler_contracts.log,1136,40ff94f72fa639c72862699d1c2d9b4e653f2e003dc8154d6f522915e058b553,log,,,1,,OCEAN_LEAD_R1.zip (Sep 26)
OCEAN_LEAD_R1,evidence/compiler_validator_candidate.json,478,3d5ba47e479ef2399c25d14a70a31d522d3fcebfc0457aaa5a256790cd5550f7,data,,,1,,OCEAN_LEAD_R1.zip (Sep 26)
OCEAN_LEAD_R1,evidence/r22_suite.json,427,606666928324e56562de726a35a1c82a605850791761addf6c4ea7e41037449c,data,,,1,,OCEAN_LEAD_R1.zip (Sep 26)
OCEAN_LEAD_R1,evidence/package_verify.json,142,61cd9a44f812ba747ef04ea5a3869385f0cfd2241fc1b903bdd1aeecfc448830,data,,,1,,OCEAN_LEAD_R1.zip (Sep 26)
OCEAN_LEAD_R1,evidence/runtime_smoke.json,394,90b5f2ba0542f6d03b12baaea50fa28d6c0ddea5df0d97476c7112cfcd8ed90e,data,,,1,,OCEAN_LEAD_R1.zip (Sep 26)
OCEAN_LEAD_R1,evidence/runtime_smoke.log,420,450b8ff78aad044f7a5eaea2deea7d9aa84d338b67959badc547da7c6ffd895e,log,,,1,,OCEAN_LEAD_R1.zip (Sep 26)
OCEAN_LEAD_R1,evidence/scheduler_probes.json,626,63732807e0d28c9c1b8a17dc78205407e14b4f7bb7d330d484ee3ca927c6fc03,data,,,1,,OCEAN_LEAD_R1.zip (Sep 26)
OCEAN_LEAD_R1,evidence/package_lint.json,78,76ce841b27759638af0193a3f7e2df2e90db8c02fa9c31ee6a9c27b8234faf08,data,,,1,,OCEAN_LEAD_R1.zip (Sep 26)
OCEAN_LEAD_R1,evidence/compiler_contracts.json,389,f05df65bd513ccd870320ecdadb79c0c33ff92421a50a2a5d5daf60c80d8da32,data,,,1,,OCEAN_LEAD_R1.zip (Sep 26)
OCEAN_LEAD_R1,evidence/compiler_validator_candidate_first_attempt.log,579,760fa83c367311abd80a67a17602d51f6c77b57c85d8f7acb9e5c6ecc379cd35,log,,,1,,OCEAN_LEAD_R1.zip (Sep 26)
OCEAN_LEAD_R1,evidence/workspace_integrity.log,379,89e3b4e8cb6b2b21edb5cf71f8290feb6c01552cc318d28453ec692fbb0b2903,log,,,1,,OCEAN_LEAD_R1.zip (Sep 26)
OCEAN_LEAD_R1,evidence/compiler_launcher_probe.json,609,6e39d86f0b320c3862461fdb68cd4354ec82d6c54d7bfb171b3e81e97721552a,data,,,1,,OCEAN_LEAD_R1.zip (Sep 26)
OCEAN_LEAD_R1,evidence/coordinator_checks.json,6223,090419308d1b4c1df8b98e4a7437a108b2ca951557109c400e94ce1d432749b7,data,,,1,,OCEAN_LEAD_R1.zip (Sep 26)
OCEAN_LEAD_R1,evidence/historical_frame_resolution.json,3700,16e559287026e8219016f40c6dcb9a492b4d6b1284a0e5de565e763e78a3e45b,data,,,1,,OCEAN_LEAD_R1.zip (Sep 26)
OCEAN_LEAD_R1,evidence/r22_suite.tap,4915,9bd1b5896164a16a20879b56989c052cbb675b9f8cf9c2b410f3861bf326d34a,log,,,1,,OCEAN_LEAD_R1.zip (Sep 26)
OCEAN_LEAD_R1,evidence/workspace_integrity.json,202,1403a755cb4a020a5dd7780dce8ffc49ee8306049df0b333dedd28b20d8a7c38,data,,,1,,OCEAN_LEAD_R1.zip (Sep 26)
OCEAN_LEAD_R1,evidence/audit_receipt.json,4781,5e46f1fac211c848b67c0d6887675fde9c31084905bd643d71a51a8275ec1ebd,data,,,1,,OCEAN_LEAD_R1.zip (Sep 26)
OCEAN_LEAD_R1,evidence/compiler_validator_candidate.log,539,85fa76103f93ab0972de6f9d39239c43cacb737a9f8c537c590e3def6000fb67,log,,,1,,OCEAN_LEAD_R1.zip (Sep 26)
OCEAN_LEAD_R1,evidence/mpm_memory.json,597,45921097fc861095423240347321d08b59537847dd43c5c3329857b043e83f77,data,,,1,,OCEAN_LEAD_R1.zip (Sep 26)
OCEAN_LEAD_R1,patches/validate_pack.patch,575,63d3414804c38cf4dde85791535b6f3a1f4201a7bca3641fd444c430f92f11d6,other,,,1,,OCEAN_LEAD_R1.zip (Sep 26)
HybridSplashFable_Project_20260611,hybridsplashFable_fixed.html,112501,105823201bb2b16991f18317bf909524c27b878984ba1f5a932416a3490684c7,html,webgpu,HybridSplash — WebGPU Hybrid Ocean,1,,HybridSplashFable_Project_20260611_dynamic_beach_runup_PATCHED.zip (Sep 25)
HybridSplashFable_Project_20260611,README.md,4551,21bfe30ecae3267af5eb3db3588c8154afbf3472862c51ef019240eaeac6bee2,doc,,,1,,HybridSplashFable_Project_20260611_dynamic_beach_runup_PATCHED.zip (Sep 25)
HybridSplashFable_Project_20260611,scripts/hybridsplash_browser_probe.mjs,14116,eb4d56081ecbe959e8879557f5cdfec0c2751be1231f26d5503a3c90259dcd50,js,,,1,,HybridSplashFable_Project_20260611_dynamic_beach_runup_PATCHED.zip (Sep 25)
HybridSplashFable_Project_20260611,scripts/validate_hybridsplash_static.mjs,15992,8fecaad8d3dc4f9d0db2b881f46a89fccc023287055482a924d7b4217655cf4b,js,,,1,,HybridSplashFable_Project_20260611_dynamic_beach_runup_PATCHED.zip (Sep 25)
HybridSplashFable_Project_20260611,receipts/20260611T150820Z_hybridsplash_mls_mpm_connected_fluid_visual_patch_receipt.json,1062,915eab95ab6c0b60755073942aec06624ab82a99cc62822d9a25c8c6cce9dc85,data,,,1,,HybridSplashFable_Project_20260611_dynamic_beach_runup_PATCHED.zip (Sep 25)
HybridSplashFable_Project_20260611,receipts/20260611T042952Z_hybridsplash_fable_perfection_32agent_wave_launch_receipt.json,825,5094dc17f07f564319cd1805d678889c2a26288798c89a832eb0c4848020ebf7,data,,,1,,HybridSplashFable_Project_20260611_dynamic_beach_runup_PATCHED.zip (Sep 25)
HybridSplashFable_Project_20260611,receipts/20260611T051122Z_hybridsplash_visual_readback_gate_receipt.json,3217,0e3d0d28a3eed7db60887ec3b5be6f4e4c649092b990db9e42b90864f46275d7,data,,,1,,HybridSplashFable_Project_20260611_dynamic_beach_runup_PATCHED.zip (Sep 25)
HybridSplashFable_Project_20260611,receipts/20260611T144930Z_hybridsplash_defaults_damping_wetness_scroll_patch_receipt.json,2083,e53d528660ca22869070158706fe6b56a824ba47f7655d90f45d11ff8852459e,data,,,1,,HybridSplashFable_Project_20260611_dynamic_beach_runup_PATCHED.zip (Sep 25)
HybridSplashFable_Project_20260611,receipts/20260611T045859Z_hybridsplash_fable_fanin_receipt.json,3673,03c8bac1e14402d068eb0c8e27d1116d4d88c11996cec215ef8063ce98ee848d,data,,,1,,HybridSplashFable_Project_20260611_dynamic_beach_runup_PATCHED.zip (Sep 25)
HybridSplashFable_Project_20260611,receipts/20260611T071725Z_hybridsplash_scale_sun_atmosphere_receipt.json,4186,e4871bc8fb2aa7c1434fe2319beb5e63f608e472f343e354cb1499f282ee7301,data,,,1,,HybridSplashFable_Project_20260611_dynamic_beach_runup_PATCHED.zip (Sep 25)
HybridSplashFable_Project_20260611,receipts/20260611T151800Z_hybridsplash_dynamic_beach_runup_patch_receipt.json,1669,f83c4dc929a5bcae48aa2444dfba55bb2f393fc92623ea0ae69a3e8aef398407,data,,,1,,HybridSplashFable_Project_20260611_dynamic_beach_runup_PATCHED.zip (Sep 25)
HybridSplashFable_Project_20260611,receipts/20260611T145900Z_hybridsplash_shoreline_water_calibration_patch_receipt.json,1673,8b20d421a8de8ec87249ee0ef1f71bc604b8d665919e23f31490f2150fe88f0a,data,,,1,,HybridSplashFable_Project_20260611_dynamic_beach_runup_PATCHED.zip (Sep 25)
HybridSplashFable_Project_20260611,validation/static_report.json,6476,0888730cf21d04fc5911cbedc2020e1bc9e5d85cd49823f1daf8f147eb258c21,data,,,1,,HybridSplashFable_Project_20260611_dynamic_beach_runup_PATCHED.zip (Sep 25)
HybridSplashFable_Project_20260611,validation/static_wgsl/WG_BREACH.wgsl,1144,d0bf42a083a94ce473d4c81645b8a061aab2eee871c92cb40e9dcd20d712398b,shader,,,1,,HybridSplashFable_Project_20260611_dynamic_beach_runup_PATCHED.zip (Sep 25)
HybridSplashFable_Project_20260611,validation/static_wgsl/WG_GRID.wgsl,1664,6c0cd39a41dc7d4555badc825593a7b3f3486c823d12f658c6c229050ff70026,shader,,,1,,HybridSplashFable_Project_20260611_dynamic_beach_runup_PATCHED.zip (Sep 25)
HybridSplashFable_Project_20260611,validation/static_wgsl/WG_IMPACT.wgsl,3146,d38097885a78a3f1a97ac4d8fe3dbb62dd10ed0691dcbeed065673f2c81c3ee9,shader,,,1,,HybridSplashFable_Project_20260611_dynamic_beach_runup_PATCHED.zip (Sep 25)
HybridSplashFable_Project_20260611,validation/static_wgsl/WG_MPMCLEAR.wgsl,337,e7457ab328f05592e94e4e2ec88a22a1ab438319460752c1fb97764a6ad30dbd,shader,,,1,,HybridSplashFable_Project_20260611_dynamic_beach_runup_PATCHED.zip (Sep 25)
HybridSplashFable_Project_20260611,validation/static_wgsl/RS_TERRAIN.wgsl,2153,cedbc513a6a453f93c8346a702162a6406d4de4c488067b40c6c0d008a47d2c9,shader,,,1,,HybridSplashFable_Project_20260611_dynamic_beach_runup_PATCHED.zip (Sep 25)
HybridSplashFable_Project_20260611,validation/static_wgsl/WG_BREAK.wgsl,7210,1ee4002aa25be27d3f3f1c85ecfde916943432c9807ed8cf3a1309a39f08d81b,shader,,,1,,HybridSplashFable_Project_20260611_dynamic_beach_runup_PATCHED.zip (Sep 25)
HybridSplashFable_Project_20260611,validation/static_wgsl/C_SHADE.wgsl,2992,3c745ad0748999cb0b3d98afbce7238769c963ef84a13b640ca88ad104789ed9,shader,,,1,,HybridSplashFable_Project_20260611_dynamic_beach_runup_PATCHED.zip (Sep 25)
HybridSplashFable_Project_20260611,validation/static_wgsl/C_PARAMS.wgsl,1170,a9639898d50e60294a1453375f793d7f0aaffd12c93e26791159c9b765083133,shader,,,1,,HybridSplashFable_Project_20260611_dynamic_beach_runup_PATCHED.zip (Sep 25)
HybridSplashFable_Project_20260611,validation/static_wgsl/RS_PART.wgsl,3461,459c01abdef48743177857c201b45d44c490a7774c8d159edb606fe4e6d0dd71,shader,,,1,,HybridSplashFable_Project_20260611_dynamic_beach_runup_PATCHED.zip (Sep 25)
HybridSplashFable_Project_20260611,validation/static_wgsl/WG_SPAWN.wgsl,4112,5dd31b5086f6d794f6350e4356284191ca754b76b12c58348964cdd20ad6cef2,shader,,,1,,HybridSplashFable_Project_20260611_dynamic_beach_runup_PATCHED.zip (Sep 25)
HybridSplashFable_Project_20260611,validation/static_wgsl/WG_HF.wgsl,3391,9c44803dc5c1ba4671c54698013787b36a78d183a610dc40237ee0c5eef39d97,shader,,,1,,HybridSplashFable_Project_20260611_dynamic_beach_runup_PATCHED.zip (Sep 25)
HybridSplashFable_Project_20260611,validation/static_wgsl/WG_P2G1.wgsl,1364,a546fcbf367b9987d599c7f406cad1ade0fac7455dbb2db168cc1b588e0dbf77,shader,,,1,,HybridSplashFable_Project_20260611_dynamic_beach_runup_PATCHED.zip (Sep 25)
HybridSplashFable_Project_20260611,validation/static_wgsl/module_0.mjs,102341,0b94ac0f0a7300acbcda330c09366ee55a406b420d4858275478e9f823f991b2,js,,,1,,HybridSplashFable_Project_20260611_dynamic_beach_runup_PATCHED.zip (Sep 25)
HybridSplashFable_Project_20260611,validation/static_wgsl/WG_G2P.wgsl,3476,e0de432285f5994f8ef6a3914663f742192c04a3f2ebc83a5737ffe90796ddb5,shader,,,1,,HybridSplashFable_Project_20260611_dynamic_beach_runup_PATCHED.zip (Sep 25)
HybridSplashFable_Project_20260611,validation/static_wgsl/C_MPM.wgsl,500,cef3d525bcbcd4e9041410148dc573561ea619767175b08a42450e4261ca0ebe,shader,,,1,,HybridSplashFable_Project_20260611_dynamic_beach_runup_PATCHED.zip (Sep 25)
HybridSplashFable_Project_20260611,validation/static_wgsl/WG_OCEAN.wgsl,1248,a1f62324a170f436c1a646a4fef5962346c1f0127f2c23dee4e8486770a1d046,shader,,,1,,HybridSplashFable_Project_20260611_dynamic_beach_runup_PATCHED.zip (Sep 25)
HybridSplashFable_Project_20260611,validation/static_wgsl/hybridsplashFable_fixed.html.sha256.txt,95,8708e8b5f2e5607dd27de5064a5a7662fc71d4adaacffe45a0e70ea67f759f3e,doc,,,1,,HybridSplashFable_Project_20260611_dynamic_beach_runup_PATCHED.zip (Sep 25)
HybridSplashFable_Project_20260611,validation/static_wgsl/RS_WATER.wgsl,5386,a5ed1a747984c8cf6661b562489a81868b88f8458a96e3cb55c847b1a1e818bc,shader,,,1,,HybridSplashFable_Project_20260611_dynamic_beach_runup_PATCHED.zip (Sep 25)
HybridSplashFable_Project_20260611,validation/static_wgsl/RS_SKY.wgsl,810,8d0afb599cef030da9bf672a3ad507921ba71fab6f23158cb3ecf6ee4d9f8f1e,shader,,,1,,HybridSplashFable_Project_20260611_dynamic_beach_runup_PATCHED.zip (Sep 25)
HybridSplashFable_Project_20260611,validation/static_wgsl/WG_P2G2.wgsl,2065,cc1b9737219a002d6cf957cca8f795e00da3818a325ccb32bb24c62632124094,shader,,,1,,HybridSplashFable_Project_20260611_dynamic_beach_runup_PATCHED.zip (Sep 25)
HybridSplashFable_Project_20260611,validation/browser_display/browser_probe_display_stderr.log,468,1068c58d2ee925593a3788756830f2f45369e42842000c9504014b3f67529ce0,log,,,1,,HybridSplashFable_Project_20260611_dynamic_beach_runup_PATCHED.zip (Sep 25)
HybridSplashFable_Project_20260611,validation/browser_display/browser_probe_display_page.png,635168,0d9da21edf067ad43c027211972f5febbd406942fb97aad36b4c2d0d3248eac3,image,,,1,,HybridSplashFable_Project_20260611_dynamic_beach_runup_PATCHED.zip (Sep 25)
HybridSplashFable_Project_20260611,validation/browser_display/browser_probe_display_state.json,19757,1eb061e5183cd6a243cb509c4b940ad8355694f70cac15a3e9746b03f27528b5,data,,,1,,HybridSplashFable_Project_20260611_dynamic_beach_runup_PATCHED.zip (Sep 25)
HybridSplashFable_Project_20260611,validation/browser_display/browser_probe_display_canvas.png,1162097,928866640521801dde0d8045b9ac0f49312fe4bd4b4f6a0d454774e1c5c39522,image,,,1,,HybridSplashFable_Project_20260611_dynamic_beach_runup_PATCHED.zip (Sep 25)
HybridSplashFable_Project_20260611,validation/browser_display/browser_probe_display_events.json,718,67a741304bfd8f55ee419ca8c48bd535726911501a6188b30a99819fb7c68d9f,data,,,1,,HybridSplashFable_Project_20260611_dynamic_beach_runup_PATCHED.zip (Sep 25)
HybridSplashFable_Project_20260611,validation/browser_display/browser_probe_display_stdout.log,0,e3b0c44298fc1c149afbf4c8996fb92427ae41e4649b934ca495991b7852b855,log,,,5,01_CURRENT:JIT_M3_R22/research/JIT-Splash-M1/evidence/test-stderr.txt,HybridSplashFable_Project_20260611_dynamic_beach_runup_PATCHED.zip (Sep 25)
HybridSplashFable_Project_20260611,docs/NO_BUILD_STATIC_VALIDATION.md,3521,5b547c44115814ec3e808a3eaa9eb694ed1576cc2f88d328ee6b6356dc020cd6,doc,,,1,,HybridSplashFable_Project_20260611_dynamic_beach_runup_PATCHED.zip (Sep 25)
uploads,075fa387-SFXwaterIdeas.txt,235623,0c94e44a63cdccc2e3901182c7422c4a725155ed82d5bf768ce30e2c5f3730df,doc,,,2,01_CURRENT:JIT_M3_R22/research/JIT-Splash-M1/references/uploads/13-SFXwaterIdeas.txt,direct upload
uploads,5d1bab49-deep-research-report_LOD_waves-water-Fable5.1.md,35538,ec047841e8ed46e5c18270ce1812e0bfb55af437d42231057f52c8c7a6aa1502,doc,,,2,01_CURRENT:JIT_M3_R22/research/JIT-Splash-M1/references/uploads/07-deep-research-report_LOD_waves-water-Fable5.1.md,direct upload
uploads,f9f9131b-Hybriddeepthinkmlsmpm.txt,242094,2b33fdec444c092adc591540e3ec1110effe9ab223457b1f867cccfa50b79501,doc,,,2,01_CURRENT:JIT_M3_R22/research/JIT-Splash-M1/references/uploads/11-Hybriddeepthinkmlsmpm.txt,direct upload
uploads,401b84ea-OCEAN_FOAM_FOUNDRY_V4_3_RISING_PLUME.html,166614,6f257224d028267e344fa69236edfd1623af3a641ebf5b4655ded416d3c0b48d,html,webgl2,Ocean Foam Foundry V4.0 — Clean Core,1,,direct upload
uploads,94bdbb6d-START_NIMBUS_R9_V1_8_4.html,485078,88a585d40329485a89c0456bedfb1f81540517936271b4d1a8e4a212435f9c1b,html,webgl2,NIMBUS V1.8.2 — R7 Multiscale Cloud Realism,1,,direct upload
uploads,adfbec76-wavelab_v50.html,287217,6a055150ff52edaa47201a6f129f031cf5218e29fac0a844fbfbc2b8d813f6db,html,webgl+three,WaveLab — developer build,1,,direct upload
uploads,43adc31b-Multi-Regime-Water.txt,380103,670716efd9fc6370ae23d625d5180ecea4df0075fab582f85fc68915a9f57d17,doc,,,2,01_CURRENT:JIT_M3_R22/research/JIT-Splash-M1/references/uploads/12-Multi-Regime-Water.txt,direct upload
uploads,28d0520e-jit_infinite.html,858978,838b66fed1868fb698a315c18d544727104742453d55d278eed2715fc1cdc271,html,webgl+three,WaterPRO JIT Splash + Heightfield Models — True Particle Relative Scale,3,01_CURRENT:JIT_M3_R22/public/originals/jit_infinite.html,direct upload
uploads,79abe6f6-heightfieldBEST.html,83055,9f7cd487f07873d5314eb25b9b16f9fad8f854627d6c641a783d61d2a1be5180,html,webgl2,Aqua Phase 7 SWE — Reference Visual Transplant Single HTML,3,01_CURRENT:JIT_M3_R22/public/originals/heightfieldBEST.html,direct upload
repo:docs/reference,pool1_mlsmpm.txt,1202222,a62b45dbcbfa34d3cefa948ad4f77ba48d417bca50d8253395b04b3f58984b09,doc,,,1,,repo (session start)
repo:docs/reference,pool2_webgl_water.txt,174491,0b18eab8446d6c44ef54fb0aba119debae2123e74494119b780b0a316be43fee,doc,,,2,,repo (session start)
repo:docs/reference,Water_Master_Encyclopedia.txt,441502,7b525d39c8997277aafdf1eccf629c0c88c17dfcc0f7ea1885a8cadc042e70b0,doc,,,1,,repo (session start)
repo:public,favicon.ico,20373,dd821076a9b03adc2173c93956226aea3d92482d7578fc4339c5d3a2e9c24586,other,,,1,,repo (session start)
repo:public,mlsmpm-webgpu.html,174491,0b18eab8446d6c44ef54fb0aba119debae2123e74494119b780b0a316be43fee,html,webgpu,Splash,2,repo:docs/reference:pool2_webgl_water.txt,repo (session start)
repo:public,robots.txt,160,a3d27b3ca5ce32341fa9f96f01169b521b1657c05d1860c45d1e53a6258e9e8b,doc,,,1,,repo (session start)
repo:public,placeholder.svg,3253,64badf7aabda0b9630b87020ffb6095cb858ccbcf66b355c2aa08b1063954d3b,other,,,1,,repo (session start)
repo:public,textures/xneg.jpg,23299,185a3f41c7abd381454d7d3938bb1b885ceca760b0292cc30a04435ffc2b25db,image,,,1,,repo (session start)
repo:public,textures/ypos.jpg,16741,e973e3033fb2a3c2f80a8a10cddc78e808f70a93a868fa8ac3cf41b8e822ddb4,image,,,1,,repo (session start)
repo:public,textures/tiles.jpg,110238,da7dbbe829553807fd72fc66514765d8af26b0c326b6664c4ac3be57271c2f69,image,,,1,,repo (session start)
repo:public,textures/zneg.jpg,24402,6c2fbb8af830820b6c980494d9d6f16e99e51a11d16f21c14853c6df535c03e6,image,,,1,,repo (session start)
repo:public,textures/xpos.jpg,30837,80a126350786e8a1f61e3ec8b825003faf00498d9ebebd7173afa2c1ace1f764,image,,,1,,repo (session start)
repo:public,textures/zpos.jpg,22927,a54e18536d0957188108fd95d39669ec88a338a519a174598b90afb4abefb0b1,image,,,1,,repo (session start)
